-- phpMyAdmin SQL Dump
-- version 5.1.1
-- https://www.phpmyadmin.net/
--
-- Máy chủ: 127.0.0.1
-- Thời gian đã tạo: Th8 16, 2022 lúc 08:04 AM
-- Phiên bản máy phục vụ: 10.4.22-MariaDB
-- Phiên bản PHP: 8.1.2

SET SQL_MODE = "NO_AUTO_VALUE_ON_ZERO";
START TRANSACTION;
SET time_zone = "+00:00";


/*!40101 SET @OLD_CHARACTER_SET_CLIENT=@@CHARACTER_SET_CLIENT */;
/*!40101 SET @OLD_CHARACTER_SET_RESULTS=@@CHARACTER_SET_RESULTS */;
/*!40101 SET @OLD_COLLATION_CONNECTION=@@COLLATION_CONNECTION */;
/*!40101 SET NAMES utf8mb4 */;

--
-- Cơ sở dữ liệu: `reeoigpi_website-laptop`
--

-- --------------------------------------------------------

--
-- Cấu trúc bảng cho bảng `carts`
--

CREATE TABLE `carts` (
  `id` bigint(20) UNSIGNED NOT NULL,
  `customer_id` bigint(20) UNSIGNED NOT NULL,
  `product_id` int(11) NOT NULL,
  `quantity` int(11) NOT NULL,
  `price` int(11) NOT NULL
) ENGINE=InnoDB DEFAULT CHARSET=utf8mb4 COLLATE=utf8mb4_unicode_ci;

--
-- Đang đổ dữ liệu cho bảng `carts`
--

INSERT INTO `carts` (`id`, `customer_id`, `product_id`, `quantity`, `price`) VALUES
(2, 16, 6, 4, 29190000),
(3, 16, 12, 1, 31090000),
(4, 17, 8, 3, 50490000),
(5, 17, 10, 3, 21690000),
(6, 18, 6, 1, 29190000),
(7, 19, 7, 4, 31990000),
(8, 20, 8, 1, 50490000),
(9, 21, 6, 1, 29190000),
(10, 22, 8, 1, 50490000),
(11, 23, 8, 1, 50490000),
(12, 24, 8, 1, 50490000),
(13, 25, 8, 2, 50490000),
(14, 26, 7, 1, 31990000),
(15, 27, 7, 1, 31990000),
(16, 28, 6, 4, 29190000),
(17, 29, 8, 1, 50490000);

-- --------------------------------------------------------

--
-- Cấu trúc bảng cho bảng `customers`
--

CREATE TABLE `customers` (
  `id` bigint(20) UNSIGNED NOT NULL,
  `name` varchar(255) COLLATE utf8mb4_unicode_ci NOT NULL,
  `phone` varchar(255) COLLATE utf8mb4_unicode_ci NOT NULL,
  `address` varchar(255) COLLATE utf8mb4_unicode_ci NOT NULL,
  `email` varchar(255) COLLATE utf8mb4_unicode_ci NOT NULL,
  `note` text COLLATE utf8mb4_unicode_ci NOT NULL,
  `status` int(11) NOT NULL DEFAULT 1,
  `created_at` timestamp NULL DEFAULT NULL,
  `updated_at` timestamp NULL DEFAULT NULL
) ENGINE=InnoDB DEFAULT CHARSET=utf8mb4 COLLATE=utf8mb4_unicode_ci;

--
-- Đang đổ dữ liệu cho bảng `customers`
--

INSERT INTO `customers` (`id`, `name`, `phone`, `address`, `email`, `note`, `status`, `created_at`, `updated_at`) VALUES
(16, 'thu11111111', '1234567890', '180 Cao lỗ', 'thu1@gmail.com', 'sdsfdhfj', 1, '2022-03-18 06:35:58', '2022-03-18 06:35:58'),
(17, 'thu ly', '1234567890', '180 Cao lỗ', 'thu1@gmail.com', 'de vo', 1, '2022-03-18 06:42:24', '2022-03-18 06:42:24'),
(18, 'thu 2', '1234567890', '180 Cao lỗ', 'thu1@gmail.com', 'de vo', 1, '2022-03-18 06:44:39', '2022-03-18 06:44:39'),
(19, 'thu 3', '1234567890', '180 Cao lỗ', 'thu1@gmail.com', 'gdshfghgj', 1, '2022-03-18 07:08:36', '2022-03-18 07:08:36'),
(20, 'thu 4', '1234567890', '180 Cao lỗ', 'thu1@gmail.com', 'de vo', 1, '2022-03-18 07:12:08', '2022-03-18 07:12:08'),
(21, 'thu 5', '1234567890', '180 Cao lỗ', 'thu1@gmail.com', 'de vo', 1, '2022-03-18 07:20:46', '2022-03-18 07:20:46'),
(22, 'thu 6', '1234567890', '180 Cao lỗ', 'thu6@gmail.com', 'de vo', 1, '2022-03-18 07:32:33', '2022-03-18 07:32:33'),
(23, 'thu 6', '1234567890', '180 Cao lỗ', 'thu6@gmail.com', 'de vo', 1, '2022-03-18 07:33:36', '2022-03-18 07:33:36'),
(24, 'thu 6', '1234567890', '180 Cao lỗ', 'thu6@gmail.com', 'de vo', 1, '2022-03-18 07:40:17', '2022-03-18 07:40:17'),
(25, 'thu 7', '1234567890', '180 Cao lỗ', 'thu7@gmail.com', 'ádsfgfh', 1, '2022-03-18 07:45:03', '2022-03-18 07:45:03'),
(26, 'Lý Hoàng Thư', '0965692223', '180 Cao Lỗ, p.4, q.8', 'dh51805702@student.stu.edu.vn', 'Dễ vỡ, cẩn thận', 1, '2022-03-18 08:10:09', '2022-03-18 08:10:09'),
(27, 'Lý Hoàng Thư', '1234567890', '180 Cao lỗ', 'thuhoang1502@gmail.com', 'de vo', 1, '2022-03-18 08:16:57', '2022-03-18 08:16:57'),
(28, 'Lý Hoàng Thư', '1234567890', '180 Cao lỗ', 'thuhoang1502@gmail.com', 'de vo', 2, '2022-03-18 08:19:34', '2022-08-15 22:23:05'),
(29, 'a', '1234567890', '180 Cao Lo', 'admin@gmail.com', 'a', 1, '2022-08-15 23:03:03', '2022-08-15 23:03:03');

-- --------------------------------------------------------

--
-- Cấu trúc bảng cho bảng `failed_jobs`
--

CREATE TABLE `failed_jobs` (
  `id` bigint(20) UNSIGNED NOT NULL,
  `uuid` varchar(255) COLLATE utf8mb4_unicode_ci NOT NULL,
  `connection` text COLLATE utf8mb4_unicode_ci NOT NULL,
  `queue` text COLLATE utf8mb4_unicode_ci NOT NULL,
  `payload` longtext COLLATE utf8mb4_unicode_ci NOT NULL,
  `exception` longtext COLLATE utf8mb4_unicode_ci NOT NULL,
  `failed_at` timestamp NOT NULL DEFAULT current_timestamp()
) ENGINE=InnoDB DEFAULT CHARSET=utf8mb4 COLLATE=utf8mb4_unicode_ci;

-- --------------------------------------------------------

--
-- Cấu trúc bảng cho bảng `jobs`
--

CREATE TABLE `jobs` (
  `id` bigint(20) UNSIGNED NOT NULL,
  `queue` varchar(255) COLLATE utf8mb4_unicode_ci NOT NULL,
  `payload` longtext COLLATE utf8mb4_unicode_ci NOT NULL,
  `attempts` tinyint(3) UNSIGNED NOT NULL,
  `reserved_at` int(10) UNSIGNED DEFAULT NULL,
  `available_at` int(10) UNSIGNED NOT NULL,
  `created_at` int(10) UNSIGNED NOT NULL
) ENGINE=InnoDB DEFAULT CHARSET=utf8mb4 COLLATE=utf8mb4_unicode_ci;

-- --------------------------------------------------------

--
-- Cấu trúc bảng cho bảng `menus`
--

CREATE TABLE `menus` (
  `id` bigint(20) UNSIGNED NOT NULL,
  `name` varchar(255) COLLATE utf8mb4_unicode_ci NOT NULL,
  `parent_id` int(11) NOT NULL,
  `description` text COLLATE utf8mb4_unicode_ci NOT NULL,
  `content` longtext COLLATE utf8mb4_unicode_ci NOT NULL,
  `active` int(11) NOT NULL,
  `created_at` timestamp NULL DEFAULT NULL,
  `updated_at` timestamp NULL DEFAULT NULL
) ENGINE=InnoDB DEFAULT CHARSET=utf8mb4 COLLATE=utf8mb4_unicode_ci;

--
-- Đang đổ dữ liệu cho bảng `menus`
--

INSERT INTO `menus` (`id`, `name`, `parent_id`, `description`, `content`, `active`, `created_at`, `updated_at`) VALUES
(1, 'Asus', 0, '', '', 1, '2022-02-18 22:10:49', '2022-02-18 22:10:49'),
(3, 'HP', 0, '', '', 1, '2022-03-12 01:31:18', '2022-03-12 01:31:18'),
(4, 'Lenovo', 0, '', '', 1, '2022-03-12 01:31:28', '2022-03-12 01:31:28');

-- --------------------------------------------------------

--
-- Cấu trúc bảng cho bảng `migrations`
--

CREATE TABLE `migrations` (
  `id` int(10) UNSIGNED NOT NULL,
  `migration` varchar(255) COLLATE utf8mb4_unicode_ci NOT NULL,
  `batch` int(11) NOT NULL
) ENGINE=InnoDB DEFAULT CHARSET=utf8mb4 COLLATE=utf8mb4_unicode_ci;

--
-- Đang đổ dữ liệu cho bảng `migrations`
--

INSERT INTO `migrations` (`id`, `migration`, `batch`) VALUES
(1, '2014_10_12_000000_create_users_table', 1),
(2, '2014_10_12_100000_create_password_resets_table', 1),
(3, '2019_08_19_000000_create_failed_jobs_table', 1),
(4, '2019_12_14_000001_create_personal_access_tokens_table', 1),
(5, '2022_02_19_043922_create_menus_table', 1),
(6, '2022_02_21_064215_create_products_table', 1),
(7, '2022_02_24_072416_create_sliders_table', 1),
(8, '2022_03_18_112143_create_customers_table', 2),
(9, '2022_03_18_112232_create_carts_table', 2),
(10, '2022_03_18_143950_create_jobs_table', 3);

-- --------------------------------------------------------

--
-- Cấu trúc bảng cho bảng `password_resets`
--

CREATE TABLE `password_resets` (
  `email` varchar(255) COLLATE utf8mb4_unicode_ci NOT NULL,
  `token` varchar(255) COLLATE utf8mb4_unicode_ci NOT NULL,
  `created_at` timestamp NULL DEFAULT NULL
) ENGINE=InnoDB DEFAULT CHARSET=utf8mb4 COLLATE=utf8mb4_unicode_ci;

-- --------------------------------------------------------

--
-- Cấu trúc bảng cho bảng `personal_access_tokens`
--

CREATE TABLE `personal_access_tokens` (
  `id` bigint(20) UNSIGNED NOT NULL,
  `tokenable_type` varchar(255) COLLATE utf8mb4_unicode_ci NOT NULL,
  `tokenable_id` bigint(20) UNSIGNED NOT NULL,
  `name` varchar(255) COLLATE utf8mb4_unicode_ci NOT NULL,
  `token` varchar(64) COLLATE utf8mb4_unicode_ci NOT NULL,
  `abilities` text COLLATE utf8mb4_unicode_ci DEFAULT NULL,
  `last_used_at` timestamp NULL DEFAULT NULL,
  `created_at` timestamp NULL DEFAULT NULL,
  `updated_at` timestamp NULL DEFAULT NULL
) ENGINE=InnoDB DEFAULT CHARSET=utf8mb4 COLLATE=utf8mb4_unicode_ci;

-- --------------------------------------------------------

--
-- Cấu trúc bảng cho bảng `products`
--

CREATE TABLE `products` (
  `id` bigint(20) UNSIGNED NOT NULL,
  `name` varchar(255) COLLATE utf8mb4_unicode_ci NOT NULL,
  `description` text COLLATE utf8mb4_unicode_ci NOT NULL,
  `content` longtext COLLATE utf8mb4_unicode_ci NOT NULL,
  `menu_id` int(11) NOT NULL,
  `price` int(11) DEFAULT NULL,
  `price_sale` int(11) DEFAULT NULL,
  `active` int(11) NOT NULL,
  `created_at` timestamp NULL DEFAULT NULL,
  `updated_at` timestamp NULL DEFAULT NULL,
  `thumb` text COLLATE utf8mb4_unicode_ci NOT NULL
) ENGINE=InnoDB DEFAULT CHARSET=utf8mb4 COLLATE=utf8mb4_unicode_ci;

--
-- Đang đổ dữ liệu cho bảng `products`
--

INSERT INTO `products` (`id`, `name`, `description`, `content`, `menu_id`, `price`, `price_sale`, `active`, `created_at`, `updated_at`, `thumb`) VALUES
(3, 'Laptop Asus TUF Gaming FX516PM', 'Diện mạo thanh lịch nhưng sở hữu cấu hình mạnh mẽ vượt trội, laptop Asus TUF Gaming FX516PM i7 11370H (HN002T) hứa hẹn sẽ cùng bạn chinh chiến trên mọi chiến trường ảo cùng ưu thế thuận lợi nhất.', '<h3><strong>Sức mạnh tối thượng tạo n&ecirc;n đối thủ đ&aacute;ng gờm khiến ai cũng phải d&egrave; chừng</strong></h3>\r\n\r\n<h3>Đ&aacute;nh thức sức mạnh thật sự nhờ bộ vi xử l&yacute; mạnh mẽ Intel Core I7&nbsp;<strong>Tiger Lake 11370H</strong>&nbsp;sở hữu&nbsp;<strong>4 nh&acirc;n 8 luồng</strong>&nbsp;cho tốc độ cơ bản đạt&nbsp;<strong>3.30 GHz</strong>&nbsp;v&agrave; đạt tối đa l&ecirc;n đến&nbsp;<strong>4.8 GHz</strong>&nbsp;nhờ&nbsp;<strong>Turbo Boost,</strong>&nbsp;mang đến kh&ocirc;ng gian giải tr&iacute; cực đ&atilde; với h&agrave;ng loạt c&aacute;c tựa game thịnh h&agrave;nh hay trở th&agrave;nh người cộng sự đắc lực, c&ugrave;ng bạn ho&agrave;n th&agrave;nh c&aacute;c nhiệm vụ trong văn ph&ograve;ng nhanh ch&oacute;ng một c&aacute;ch hiệu quả c&ugrave;ng Work, Excel,...</h3>\r\n\r\n<p><img alt=\"Asus TUF Gaming FX516PM i7 11370H (HN002T) - Cấu hình\" src=\"https://cdn.tgdd.vn/Products/Images/44/251247/asus-tuf-gaming-fx516pm-i7-hn002t-4.jpg\" /></p>\r\n\r\n<p>N&acirc;ng cao chất lượng đồ họa nhờ card đồ họa rời&nbsp;<strong>NVIDIA GeForce RTX</strong>&nbsp;<strong>3060 6 GB</strong>, mang đến h&igrave;nh ảnh thật nhất với c&aacute;c chuyển động trơn tru trong c&aacute;c tựa game hấp dẫn như CS:GO, Fifa Online 4,... tuy chiến c&aacute;c game với cường độ cao nhưng &iacute;t xảy ra t&igrave;nh trạng lag hay nho&egrave; h&igrave;nh, đồng thời khơi nguồn cảm hứng trong bạn với việc thiết kế 2D, 3D, render video,... c&ugrave;ng hệ thống ứng dụng nh&agrave; Adobe đầy chuy&ecirc;n nghiệp.</p>\r\n\r\n<p><img alt=\"Asus TUF Gaming FX516PM i7 11370H (HN002T) - Card đồ hoạ\" src=\"https://cdn.tgdd.vn/Products/Images/44/251247/asus-tuf-gaming-fx516pm-i7-hn002t-5.jpg\" /></p>\r\n\r\n<p>Hỗ trợ mở v&agrave; vận h&agrave;nh nhiều ứng dụng c&ugrave;ng l&uacute;c m&agrave; kh&ocirc;ng xảy ra t&igrave;nh trạng giật hay đơ m&aacute;y nhờ RAM 8 GB&nbsp;chuẩn&nbsp;<strong>DDR4 2 khe (1 khe 8 GB onboard + 1 khe trống)</strong>&nbsp;cho tốc độ Bus RAM l&ecirc;n đến&nbsp;<strong>3200 MHz</strong>, mang đến một phi&ecirc;n bản laptop đa nhiệm hơn, l&agrave; trợ thủ đắc lực tr&ecirc;n mọi lĩnh vực. Kh&ocirc;ng những thế, nhu cầu của người d&ugrave;ng được đ&aacute;p ứng tối ưu nhờ được n&acirc;ng cấp RAM tối đa l&ecirc;n đến&nbsp;<strong>40&nbsp;GB</strong>.</p>\r\n\r\n<p>Tiết kiệm thời gian truy cập v&agrave;o m&aacute;y hay c&aacute;c ứng dụng nhờ ổ cứng SSD 512 GB&nbsp;<strong>NVMe PCle</strong>, đồng thời mang đến kh&ocirc;ng gian lưu trữ rộng lớn cho bạn thỏa sức chứa đựng h&agrave;ng loạt c&aacute;c ứng dụng y&ecirc;u th&iacute;ch nhưng vẫn hạn chế tối đa sự sản sinh nhiệt. B&ecirc;n cạnh đ&oacute; m&aacute;y được hỗ trợ th&aacute;o lắp thanh ổ cứng kh&aacute;c tối đa&nbsp;<strong>1 TB</strong>&nbsp;một c&aacute;ch dễ d&agrave;ng, phục vụ tối đa cho mọi nhu cầu của bạn.</p>\r\n\r\n<p>Ấn tượng hơn khi laptop được trang bị th&ecirc;m 1 khe cắm&nbsp;<strong>SSD M.2 PCle</strong>&nbsp;mở rộng ( n&acirc;ng cấp tối đa&nbsp;<strong>1 TB</strong>) cho ph&eacute;p bạn n&acirc;ng cấp kh&ocirc;ng gian lưu trữ tối ưu hơn.</p>\r\n\r\n<p><img alt=\"Asus TUF Gaming FX516PM i7 11370H (HN002T) - SSD\" src=\"https://cdn.tgdd.vn/Products/Images/44/251247/asus-tuf-gaming-fx516pm-i7-hn002t-6.jpg\" /></p>\r\n\r\n<h3><strong>Độc đ&aacute;o với thiết kế tối giản cho một chiếc laptop gaming năng động</strong></h3>\r\n\r\n<p>Tinh xảo với c&aacute;c đường n&eacute;t tinh tế định h&igrave;nh n&ecirc;n một diện mạo cho TUF Gaming&nbsp;<strong>FX516PM</strong>, c&ugrave;ng kiểu chữ đơn giản nhưng vẫn nổi bật tr&ecirc;n nền x&aacute;m phong c&aacute;ch, đồng thời phần viền mỏng cũng gi&uacute;p tối ưu hơn cho m&agrave;n h&igrave;nh, tạo phong c&aacute;ch ri&ecirc;ng cho bạn, ph&ugrave; hợp mọi kh&ocirc;ng gian thiết kế.</p>\r\n\r\n<p>Khung m&aacute;y mỏng nhẹ với trọng lượng&nbsp;<strong>2 kg</strong>&nbsp;v&agrave; d&agrave;y&nbsp;<strong>19.9 mm</strong>&nbsp;cho ph&eacute;p bạn dễ d&agrave;ng mang theo trong balo di chuyển đến bất kỳ đ&acirc;u.</p>\r\n\r\n<p><img alt=\"Asus TUF Gaming FX516PM i7 11370H (HN002T) - Thiết kế\" src=\"https://cdn.tgdd.vn/Products/Images/44/251247/asus-tuf-gaming-fx516pm-i7-hn002t-2.jpg\" /></p>\r\n\r\n<p>Kh&ocirc;ng phải chuyển đổi rườm r&agrave; khi kết nối với c&aacute;c thiết bị ngoại vi kh&aacute;c nhờ c&aacute;c cổng giao tiếp đa dạng được trang bị dọc hai b&ecirc;n laptop&nbsp;như 3 cổng USB 3.2, HDMI 2.0, Jack tai nghe 3.5 mm, LAN (RJ45) v&agrave; Thunderbolt 4 USB-C.</p>\r\n\r\n<p><img alt=\"Asus TUF Gaming FX516PM i7 11370H (HN002T) - Cổng kết nối\" src=\"https://cdn.tgdd.vn/Products/Images/44/251247/asus-tuf-gaming-fx516pm-i7-hn002t-11.jpg\" /></p>\r\n\r\n<p>Đường truyền được đảm bảo ổn định hơn bao giờ hết nhờ&nbsp;<strong>Bluetooth 5.1&nbsp;</strong>v&agrave;&nbsp;<strong>Wi-Fi 6 (802.11ax)</strong>, hỗ trợ người d&ugrave;ng l&agrave;m việc v&agrave; học tập hay giải tr&iacute; ở bất kỳ đ&acirc;u m&agrave; kh&ocirc;ng lo bị gi&aacute;n đoạn, ngắt qu&atilde;ng trong suốt qu&aacute; tr&igrave;nh sử dụng m&aacute;y.</p>\r\n\r\n<h3><strong>Thỏa m&atilde;n tầm nh&igrave;n với kh&ocirc;ng gian h&igrave;nh ảnh c&ugrave;ng &acirc;m thanh sống động</strong></h3>\r\n\r\n<p>M&agrave;n h&igrave;nh 15.6 inch&nbsp;c&ugrave;ng độ ph&acirc;n giải&nbsp;<strong>Full HD (1920 x 1080)</strong>, mang đến h&igrave;nh ảnh đạt chất lượng cao, cho bạn tận hưởng kh&ocirc;ng gian giải tr&iacute; một c&aacute;ch thật trọn vẹn, ch&acirc;n thật, sắc n&eacute;t đến từng chi tiết.</p>\r\n\r\n<p>Kh&ocirc;ng c&ograve;n qu&aacute; lo lắng mắt sẽ bị ảnh hưởng xấu khi l&agrave;m việc ở m&ocirc;i trường &aacute;nh s&aacute;ng kh&ocirc;ng tốt nhờ c&ocirc;ng nghệ m&agrave;n h&igrave;nh chống ch&oacute;i Anti Glare&nbsp;, hỗ trợ bạn l&agrave;m việc v&agrave; giải tr&iacute; ở bất kỳ điều kiện &aacute;nh s&aacute;ng n&agrave;o c&ugrave;ng khung h&igrave;nh được trải rộng đến&nbsp;<strong>178 độ&nbsp;</strong>đến từ<strong>&nbsp;tấm nền IPS</strong>&nbsp;m&agrave; kh&ocirc;ng lo mỏi mắt hay l&oacute;a mắt.</p>\r\n\r\n<p><img alt=\"Asus TUF Gaming FX516PM i7 11370H (HN002T) - Màn hình\" src=\"https://cdn.tgdd.vn/Products/Images/44/251247/asus-tuf-gaming-fx516pm-i7-hn002t-8.jpg\" /></p>\r\n\r\n<p>Trải nghiệm chơi game ổn định hơn nhờ Adaptive-Sync&nbsp;gi&uacute;p cải thiện c&aacute;c vấn đề như r&aacute;ch h&igrave;nh hay giật lag, cho c&aacute;c chuyển động mượt m&agrave;, trơn tru ở mọi tựa game h&agrave;nh động đầy kịch t&iacute;nh nhờ tần số qu&eacute;t m&agrave;n h&igrave;nh 144 Hz, cho bạn cảm gi&aacute;c như đang trong ch&iacute;nh cuộc đua.</p>\r\n\r\n<p><img alt=\"Asus TUF Gaming FX516PM i7 11370H (HN002T) - Tần số quét\" src=\"https://cdn.tgdd.vn/Products/Images/44/251247/asus-tuf-gaming-fx516pm-i7-hn002t-9.jpg\" /></p>\r\n\r\n<p>&Acirc;m thanh to r&otilde; c&ugrave;ng &acirc;m v&ograve;m sống động v&agrave; khả năng khuếch đại &acirc;m lớn đến từ c&ocirc;ng nghệ DTS Audio, cho bạn tận hưởng kh&ocirc;ng gian &acirc;m nhạc hay phim ảnh thật thoải m&aacute;i, đồng thời trải nghiệm c&aacute;c cuộc chiến tr&ecirc;n chiến trường ảo trọn vẹn nhất.</p>\r\n\r\n<p><img alt=\"Asus TUF Gaming FX516PM i7 11370H (HN002T) - Âm thanh\" src=\"https://cdn.tgdd.vn/Products/Images/44/251247/asus-tuf-gaming-fx516pm-i7-hn002t-10.jpg\" /></p>\r\n\r\n<p>Asus TUF Gaming FX516PM i7 11370H (HN002T) l&agrave; phi&ecirc;n bản laptop gaming đ&aacute;ng sở hữu với thiết kế gọn nhẹ nhưng đầy thu h&uacute;t, c&ugrave;ng hiệu năng vượt bật nhờchip Intel Gen 11, l&agrave; chọn lựa ph&ugrave; hợp cho bất kỳ đối tượng n&agrave;o.</p>', 1, 32990000, 31990000, 1, '2022-03-12 02:11:57', '2022-03-21 04:02:26', '/storage/uploads/2022/03/21/asus-tuf-gaming-fx516pm-i7-hn002t-2-1-org.jpg'),
(4, 'Laptop Asus ZenBook Duo UX482EA', 'Nếu bạn đang muốn tìm kiếm cho mình một chiếc laptop cao cấp, sang trọng, mang cấu hình mạnh mẽ từ chip Intel thế hệ 11 hiệu năng đồ hoạ cao, sở hữu công nghệ hai màn hình cảm ứng thông minh cùng thiết kế cao cấp, laptop Asus ZenBook UX482EA i5 (KA081T) là sản phẩm mà bạn không thể bỏ lỡ.', '<h3><strong>Ngoại h&igrave;nh ấn tượng, thời thượng, thiết kế hai m&agrave;n h&igrave;nh độc đ&aacute;o</strong></h3>\r\n\r\n<p>Laptop Asus&nbsp;mang một vẻ ngo&agrave;i hiện đại với lớp vỏ kim loại sang trọng, chắc chắn c&ugrave;ng những đường cắt tinh xảo được phủ l&ecirc;n lớp m&agrave;u xanh đen khiến m&aacute;y trở n&ecirc;n tinh tế, bắt mắt, thu h&uacute;t mọi &aacute;nh nh&igrave;n.</p>\r\n\r\n<p>M&aacute;y c&oacute; trọng lượng khoảng&nbsp;<strong>1.62 kg&nbsp;</strong>v&agrave; d&agrave;y&nbsp;<strong>17.3 mm</strong>&nbsp;cũng kh&aacute; gọn nhẹ để bạn c&oacute; thể bỏ v&agrave;o balo v&agrave; di chuyển khắp mọi nơi mọi l&uacute;c như đi học, đi c&ocirc;ng t&aacute;c, đi l&agrave;m,...</p>\r\n\r\n<p><a href=\"https://www.thegioididong.com/images/44/251416/asus-zenbook-ux482ea-i5-ka081t-2-2.jpg\" onclick=\"return false;\"><img alt=\"Asus ZenBook UX482EA i5 1135G7 (KA081T) - Thiết kế\" src=\"https://cdn.tgdd.vn/Products/Images/44/251416/asus-zenbook-ux482ea-i5-ka081t-2-2.jpg\" title=\"Asus ZenBook UX482EA i5 1135G7 (KA081T) - Thiết kế\" /></a></p>\r\n\r\n<p>Laptop đ&atilde; vượt qua c&aacute;c b&agrave;i thử nghiệm nghi&ecirc;m ngặt v&agrave; đạt độ bền chuẩn qu&acirc;n đội MIL-STD-810H, đảm bảo m&aacute;y chống chịu được sự va đập nhẹ hay c&aacute;c yếu tố m&ocirc;i trường như bụi bẩn, nhiệt độ, sương muối,...</p>\r\n\r\n<p><a href=\"https://www.thegioididong.com/images/44/251416/asus-zenbook-ux482ea-i5-ka081t-08.jpg\" onclick=\"return false;\"><img alt=\"Asus ZenBook Duo UX482EA i5 1135G7 (KA081T) - Độ bền quân đội\" src=\"https://cdn.tgdd.vn/Products/Images/44/251416/asus-zenbook-ux482ea-i5-ka081t-08.jpg\" title=\"Asus ZenBook Duo UX482EA i5 1135G7 (KA081T) - Độ bền quân đội\" /></a></p>\r\n\r\n<p>Ho&agrave;n hảo hơn, sang chảnh hơn với&nbsp;<strong>ScreenPad Plus 12.65 inch</strong>&nbsp;được xem như l&agrave; phần mở rộng th&ecirc;m của m&agrave;n h&igrave;nh, bạn c&oacute; thể sử dụng như một bản vẽ đa điểm, điều n&agrave;y rất được ưa chuộng bởi c&aacute;c nh&agrave; design, đồ hoạ.</p>\r\n\r\n<p><a href=\"https://www.thegioididong.com/images/44/251416/asus-zenbook-ux482ea-i5-ka081t-10-2.jpg\" onclick=\"return false;\"><img alt=\"Asus ZenBook UX482EA i5 1135G7 (KA081T) - ScreenPad Plus\" src=\"https://cdn.tgdd.vn/Products/Images/44/251416/asus-zenbook-ux482ea-i5-ka081t-10-2.jpg\" title=\"Asus ZenBook UX482EA i5 1135G7 (KA081T) - ScreenPad Plus\" /></a></p>\r\n\r\n<p>Tuy được thiết kế nhỏ gọn nhưng laptop vẫn trang bị đầy đủ c&aacute;c cổng kết nối USB 3.2, Thunderbolt 4 USB-C, HDMI, Jack tai nghe 3.5 mm v&agrave; micro SD hỗ trợ bạn vừa sạc vừa chia sẻ dữ liệu, kết nối đa dạng với c&aacute;c thiết bị ngoại vi như b&agrave;n ph&iacute;m rời, chuột, loa,... một c&aacute;ch tiện lợi.</p>\r\n\r\n<p><a href=\"https://www.thegioididong.com/images/44/251416/asus-zenbook-ux482ea-i5-ka081t-15-1.jpg\" onclick=\"return false;\"><img alt=\"Asus ZenBook UX482EA i5 1135G7 (KA081T) - Cổng kết nối\" src=\"https://cdn.tgdd.vn/Products/Images/44/251416/asus-zenbook-ux482ea-i5-ka081t-15-1.jpg\" title=\"Asus ZenBook UX482EA i5 1135G7 (KA081T) - Cổng kết nối\" /></a></p>\r\n\r\n<p>Chuẩn kết nối kh&ocirc;ng d&acirc;y&nbsp;<strong>Bluetooth 5.0</strong>&nbsp;v&agrave; Wi-Fi 6 (802. 11ax) cho đường truyền ổn định, tr&aacute;nh bị mất t&iacute;n hiệu khi bạn đang thao t&aacute;c.</p>\r\n\r\n<p><strong>Camera IR</strong>&nbsp;hỗ trợ quan s&aacute;t được những cảnh trong b&oacute;ng tối kết hợp c&ugrave;ng c&ocirc;ng nghệ&nbsp;<strong>Windows Hello Face</strong>&nbsp;nhằm phục vụ cho t&iacute;nh năng&nbsp;<strong>mở kho&aacute; bằng gương mặt,</strong>&nbsp;th&ocirc;ng tin v&agrave; t&agrave;i liệu tr&ecirc;n m&aacute;y được bảo vệ an to&agrave;n.</p>\r\n\r\n<p><a href=\"https://www.thegioididong.com/images/44/251416/asus-zenbook-ux482ea-i5-ka081t-9-2.jpg\" onclick=\"return false;\"><img alt=\"Asus ZenBook UX482EA i5 1135G7 (KA081T) - Nhận diện gương mặt\" src=\"https://cdn.tgdd.vn/Products/Images/44/251416/asus-zenbook-ux482ea-i5-ka081t-9-2.jpg\" title=\"Asus ZenBook UX482EA i5 1135G7 (KA081T) - Nhận diện gương mặt\" /></a></p>\r\n\r\n<p><strong>Đ&egrave;n nền</strong>&nbsp;được c&agrave;i đặt dưới c&aacute;c ph&iacute;m, bạn c&oacute; thể sử dụng chứng ở điều kiện thiếu &aacute;nh s&aacute;ng. H&agrave;nh tr&igrave;nh ph&iacute;m vừa phải gi&uacute;p bạn bấm thoải m&aacute;i hơn, độ nảy tốt hơn.</p>\r\n\r\n<p><a href=\"https://www.thegioididong.com/images/44/251416/asus-zenbook-ux482ea-i5-ka081t-6-2.jpg\" onclick=\"return false;\"><img alt=\"Asus ZenBook UX482EA i5 1135G7 (KA081T) - Đèn nền\" src=\"https://cdn.tgdd.vn/Products/Images/44/251416/asus-zenbook-ux482ea-i5-ka081t-6-2.jpg\" title=\"Asus ZenBook UX482EA i5 1135G7 (KA081T) - Đèn nền\" /></a></p>\r\n\r\n<h3><strong>Hiệu suất l&agrave;m việc cao, đồ hoạ mượt m&agrave;</strong></h3>\r\n\r\n<p>Sở hữu cấu h&igrave;nh ấn tượng từ bộ CPU Core i5&nbsp;<strong>Tiger Lake 1135G7&nbsp;</strong>thuộc nh&agrave; Intel, hỗ trợ bạn thực hiện tốt mọi t&aacute;c vụ văn ph&ograve;ng tr&ecirc;n c&aacute;c phần mềm Word, Excel,... cho khả năng thiết kế đồ hoạ, chỉnh sửa h&igrave;nh ảnh, l&agrave;m poster, banner hiệu quả nhờ cấu tr&uacute;c&nbsp;<strong>4 nh&acirc;n 8 luồng&nbsp;</strong>c&ugrave;ng tốc độ &eacute;p xung tối đa l&ecirc;n đến Turbo Boost&nbsp;<strong>4.2 GHz</strong>.</p>\r\n\r\n<p>Đi k&egrave;m chip l&agrave; card đồ họa t&iacute;ch hợp<strong>&nbsp;Intel Iris Xe Graphics</strong>&nbsp;gia tăng khả năng thiết kế, kết xuất 2D hiệu quả, thỏa sức s&aacute;ng tạo nội dung, render video cơ bản,... tr&ecirc;n c&aacute;c phần mềm Adobe với chất lượng h&igrave;nh ảnh n&eacute;t c&ugrave;ng độ ph&acirc;n giải cao, thoả m&atilde;n niềm đam m&ecirc; đồ hoạ của bạn.</p>\r\n\r\n<p>Đa nhiệm tốt hơn nhờ cung cấp RAM 8 GB&nbsp;thuộc d&ograve;ng&nbsp;<strong>LPDDR4X (On board)</strong>&nbsp;mang tốc độ Bus RAM&nbsp;<strong>4267 MHz</strong>, bạn c&oacute; thể vừa xử l&yacute; c&aacute;c c&ocirc;ng việc như nhập liệu, soạn thảo, thiết kế,... vừa sử dụng tr&igrave;nh duyệt web mượt m&agrave;, kh&ocirc;ng lo bị giật lag, đứng m&aacute;y.</p>\r\n\r\n<p><a href=\"https://www.thegioididong.com/images/44/251416/asus-zenbook-ux482ea-i5-ka081t-4-2.jpg\" onclick=\"return false;\"><img alt=\"Asus ZenBook UX482EA i5 1135G7 (KA081T) - Cấu hình\" src=\"https://cdn.tgdd.vn/Products/Images/44/251416/asus-zenbook-ux482ea-i5-ka081t-4-2.jpg\" title=\"Asus ZenBook UX482EA i5 1135G7 (KA081T) - Cấu hình\" /></a></p>\r\n\r\n<p><strong>Ổ cứng SSD 512 GB NVMe PCIe&nbsp;</strong>đem đến tốc độ truy xuất dữ liệu nhanh ch&oacute;ng, tiết kiệm thời gian, r&uacute;t ngắn thời gian khởi động m&aacute;y v&agrave; c&aacute;c ứng dụng nặng chỉ trong v&agrave;i gi&acirc;y. Ngo&agrave;i ra, m&aacute;y c&ograve;n cho bạn dung lượng vừa đủ để lưu trữ c&aacute;c th&ocirc;ng tin, t&agrave;i liệu trong c&ocirc;ng việc, c&aacute;c t&aacute;c phẩm t&acirc;m đắc của bạn.</p>\r\n\r\n<p><a href=\"https://www.thegioididong.com/images/44/251416/asus-zenbook-ux482ea-i5-ka081t-5-2.jpg\" onclick=\"return false;\"><img alt=\"Asus ZenBook UX482EA i5 1135G7 (KA081T) - SSD\" src=\"https://cdn.tgdd.vn/Products/Images/44/251416/asus-zenbook-ux482ea-i5-ka081t-5-2.jpg\" title=\"Asus ZenBook UX482EA i5 1135G7 (KA081T) - SSD\" /></a></p>\r\n\r\n<h3><strong>Tận hưởng những khung h&igrave;nh ch&acirc;n thật, sắc n&eacute;t, giải tr&iacute; sống động</strong></h3>\r\n\r\n<p>Laptop Asus ZenBook&nbsp;được trang bị m&agrave;n h&igrave;nh 14 inch&nbsp;c&ugrave;ng độ ph&acirc;n giải&nbsp;<strong>Full HD (1920 x 1080)</strong>&nbsp;tạo hiển thị r&otilde; r&agrave;ng, m&agrave;u sắc tươi s&aacute;ng. Ngo&agrave;i ra, c&ocirc;ng nghệ&nbsp;<strong>LED Backlit</strong>&nbsp;được ứng dụng gi&uacute;p m&agrave;n h&igrave;nh mỏng hơn, toả nhiệt &iacute;t v&agrave; bảo vệ m&ocirc;i trường.</p>\r\n\r\n<p>Bộ đ&ocirc;i c&ocirc;ng nghệ chống ch&oacute;i Anti Glare v&agrave; tấm nền&nbsp;<strong>IPS&nbsp;</strong>kh&ocirc;ng những mang lại chất ảnh đẹp, kh&ocirc;ng bị ch&oacute;i s&aacute;ng hay b&oacute;ng gương ở ngo&agrave;i trời hay cường độ &aacute;nh s&aacute;ng cao m&agrave; c&ograve;n mở rộng g&oacute;c nh&igrave;n l&ecirc;n đến&nbsp;<strong>178 độ</strong>, chất lượng h&igrave;nh ảnh kh&ocirc;ng bị thay đổi ngay cả bạn kh&ocirc;ng ngồi ch&iacute;nh diện của m&aacute;y.</p>\r\n\r\n<p><a href=\"https://www.thegioididong.com/images/44/251416/asus-zenbook-ux482ea-i5-ka081t-12-2.jpg\" onclick=\"return false;\"><img alt=\"Asus ZenBook UX482EA i5 1135G7 (KA081T) - Màn hình\" src=\"https://cdn.tgdd.vn/Products/Images/44/251416/asus-zenbook-ux482ea-i5-ka081t-12-2.jpg\" title=\"Asus ZenBook UX482EA i5 1135G7 (KA081T) - Màn hình\" /></a></p>\r\n\r\n<p>Thật ấn tượng với th&ocirc;ng số m&agrave;n h&igrave;nh 100% sRGB cho khả năng l&ecirc;n m&agrave;u chuẩn x&aacute;c trong qu&aacute; tr&igrave;nh xử l&yacute; c&ugrave;ng độ s&aacute;ng&nbsp;<strong>400 nits</strong>&nbsp;cho khung ảnh r&otilde; n&eacute;t, c&oacute; chiều s&acirc;u, độ tương phản cao nhằm đ&aacute;p ứng tốt nhu cầu cho c&aacute;c nh&agrave; thiết kế, nhiếp ảnh,...</p>\r\n\r\n<p><a href=\"https://www.thegioididong.com/images/44/251416/asus-zenbook-ux482ea-i5-ka081t-13-1.jpg\" onclick=\"return false;\"><img alt=\"Asus ZenBook UX482EA i5 1135G7 (KA081T) - Độ phủ màu\" src=\"https://cdn.tgdd.vn/Products/Images/44/251416/asus-zenbook-ux482ea-i5-ka081t-13-1.jpg\" title=\"Asus ZenBook UX482EA i5 1135G7 (KA081T) - Độ phủ màu\" /></a></p>\r\n\r\n<p>T&iacute;nh năng th&ocirc;ng minh với m&agrave;n h&igrave;nh cảm ứng&nbsp;được ứng dụng v&agrave;o Asus Zenbook, n&acirc;ng cao khả năng thao t&aacute;c, tối ưu hiệu suất cho bạn, bạn dễ d&agrave;ng thực hiện c&aacute;c lệnh bằng c&aacute;ch chạm v&agrave;o m&agrave;n h&igrave;nh, rất tiện lợi v&agrave; nhanh ch&oacute;ng m&agrave; kh&ocirc;ng cần chuột hay touchpad rườm r&agrave;. M&aacute;y c&ograve;n tặng k&egrave;m cho bạn chiếc&nbsp;<strong>b&uacute;t cảm ứng&nbsp;</strong>để bạn c&oacute; thể ghi ch&eacute;p, vẽ t&ocirc; thuận tiện, ch&iacute;nh x&aacute;c hơn cả những chi tiết nhỏ nhất.</p>\r\n\r\n<p><a href=\"https://www.thegioididong.com/images/44/251416/asus-zenbook-ux482ea-i5-ka081t-11-2.jpg\" onclick=\"return false;\"><img alt=\"Asus ZenBook UX482EA i5 1135G7 (KA081T) - Màn hình cảm ứng\" src=\"https://cdn.tgdd.vn/Products/Images/44/251416/asus-zenbook-ux482ea-i5-ka081t-11-2.jpg\" title=\"Asus ZenBook UX482EA i5 1135G7 (KA081T) - Màn hình cảm ứng\" /></a></p>\r\n\r\n<p>C&ocirc;ng nghệ cao cấp&nbsp;<strong>Audio by Harman&nbsp;</strong>cho chất &acirc;m h&agrave;i h&ograve;a, c&acirc;n bằng giữa &acirc;m trầm v&agrave; &acirc;m cao, tận hưởng kh&ocirc;ng gian giải tr&iacute; sống động đến từng chi tiết.</p>\r\n\r\n<p><a href=\"https://www.thegioididong.com/images/44/251416/asus-zenbook-ux482ea-i5-ka081t-14-1.jpg\" onclick=\"return false;\"><img alt=\"Asus ZenBook UX482EA i5 1135G7 (KA081T) - Âm thanh\" src=\"https://cdn.tgdd.vn/Products/Images/44/251416/asus-zenbook-ux482ea-i5-ka081t-14-1.jpg\" title=\"Asus ZenBook UX482EA i5 1135G7 (KA081T) - Âm thanh\" /></a></p>\r\n\r\n<p>Với c&aacute;c t&iacute;nh năng th&ocirc;ng minh c&ugrave;ng cấu h&igrave;nh mạnh mẽ như tr&ecirc;n, Asus ZenBook UX482EA i5 (KA081T) l&agrave; sản phẩm laptop đồ họa - kỹ thuật m&agrave; bạn đang t&igrave;m kiếm, hứa hẹn sẽ trở th&agrave;nh trợ thủ đắc lực của bạn đấy.</p>', 1, 32990000, 29190000, 1, '2022-03-12 02:20:52', '2022-03-21 04:02:14', '/storage/uploads/2022/03/21/asus-zenbook-ux482ea-i5-ka081t-2-1-org.jpg'),
(5, 'Laptop Asus VivoBook Pro 15 OLED M3500QC', 'Đại diện cho thế hệ sản phẩm tân tiến, Asus VivoBook Pro 15 OLED M3500QC R5 5600H (L1105T) không những được thiết kế thời thượng, mà còn sở hữu cấu hình đáng kinh ngạc, hứa hẹn sẽ mang đến cho bạn những trải nghiệm khó quên.', '<h3><strong>N&acirc;ng tầm trải nghiệm trong cả h&igrave;nh ảnh v&agrave; &acirc;m thanh</strong></h3>\r\n\r\n<p>Asus VivoBook Pro 15 sở hữu&nbsp;m&agrave;n h&igrave;nh viền mỏng 15.6 inch&nbsp;với độ ph&acirc;n giải&nbsp;<strong>Full HD (1920 x 1080)</strong>&nbsp;c&ugrave;ng&nbsp;m&agrave;n h&igrave;nh OLED&nbsp;mang đến những h&igrave;nh ảnh r&otilde; n&eacute;t c&oacute; độ tương phản v&agrave; &aacute;nh s&aacute;ng cao, đồng thời c&oacute; khả năng tạo m&agrave;u đen s&acirc;u hơn với g&oacute;c nh&igrave;n được rộng mở, cho bạn những trải nghiệm trọn vẹn nhưng vẫn gi&uacute;p tiết kiệm điện năng tối đa.</p>\r\n\r\n<p><a href=\"https://www.thegioididong.com/images/44/260292/asus-vivobook-pro-15-oled-m3500qc-r5-l1105t-9-1.jpg\" onclick=\"return false;\"><img alt=\"Asus VivoBook Pro 15 OLED M3500QC R5 5600H (L1105T) - Màn hình\" src=\"https://cdn.tgdd.vn/Products/Images/44/260292/asus-vivobook-pro-15-oled-m3500qc-r5-l1105t-9-1.jpg\" title=\"Asus VivoBook Pro 15 OLED M3500QC R5 5600H (L1105T) - Màn hình\" /></a></p>\r\n\r\n<p>Ch&acirc;n thật đến từng chi tiết với những m&agrave;u sắc được t&aacute;i tạo chuẩn x&aacute;c nhờ&nbsp;<strong>100% DCI-P3</strong>, c&ugrave;ng thời gian phản hồi nhanh ch&oacute;ng chỉ<strong>&nbsp;0.2 ms</strong>, kh&ocirc;ng những mang đến h&igrave;nh ảnh sống động m&agrave; c&ograve;n tạo độ mượt m&agrave;, hạn chế tối đa được t&igrave;nh trạng mờ h&igrave;nh ở cả những nơi c&oacute; &aacute;nh s&aacute;ng cao như ngo&agrave;i trời nắng gắt nhờ độ s&aacute;ng&nbsp;<strong>600 nits</strong>, cho ph&eacute;p bạn dễ d&agrave;ng l&agrave;m việc hay giải tr&iacute; mọi l&uacute;c mọi nơi.</p>\r\n\r\n<p><a href=\"https://www.thegioididong.com/images/44/260292/asus-vivobook-pro-15-oled-m3500qc-r5-l1105t-10-1.jpg\" onclick=\"return false;\"><img alt=\"Asus VivoBook Pro 15 OLED M3500QC R5 5600H (L1105T) - Độ tái tạo màu\" src=\"https://cdn.tgdd.vn/Products/Images/44/260292/asus-vivobook-pro-15-oled-m3500qc-r5-l1105t-10-1.jpg\" title=\"Asus VivoBook Pro 15 OLED M3500QC R5 5600H (L1105T) - Độ tái tạo màu\" /></a></p>\r\n\r\n<p>T&acirc;n tiến hơn khi phi&ecirc;n bản Asus n&agrave;y c&ograve;n sở hữu c&ocirc;ng nghệ&nbsp;<strong>SGS Eye Care Display</strong>&nbsp;v&agrave; chuẩn m&agrave;n h&igrave;nh&nbsp;<strong>VESA CERTIFIED Display HDR True Black 600</strong>&nbsp;cao cấp mang đến h&igrave;nh ảnh s&aacute;ng hơn nhưng vẫn giữ chiều s&acirc;u của v&ugrave;ng m&agrave;u đen, cho bạn những trải nghiệm trọn vẹn nhưng vẫn bảo vệ mắt tối ưu nhất.</p>\r\n\r\n<p><a href=\"https://www.thegioididong.com/images/44/260292/asus-vivobook-pro-15-oled-m3500qc-r5-l1105t-11-1.jpg\" onclick=\"return false;\"><img alt=\"Asus VivoBook Pro 15 OLED M3500QC R5 5600H (L1105T) - Tính năng\" src=\"https://cdn.tgdd.vn/Products/Images/44/260292/asus-vivobook-pro-15-oled-m3500qc-r5-l1105t-11-1.jpg\" title=\"Asus VivoBook Pro 15 OLED M3500QC R5 5600H (L1105T) - Tính năng\" /></a></p>\r\n\r\n<p>Học tập v&agrave; l&agrave;m việc trực tuyến với h&igrave;nh ảnh r&otilde; n&eacute;t nhờ độ ph&acirc;n giải&nbsp;<strong>720p</strong>&nbsp;đến từ chiếc<strong>&nbsp;HD&nbsp;webcam</strong>&nbsp;cho ph&eacute;p bạn sử dụng Zoom, Google Meet,... một c&aacute;ch mượt m&agrave; v&agrave; hiệu quả. Kh&ocirc;ng những thế bạn c&ograve;n c&oacute; thể dễ d&agrave;ng che chiếc n&oacute; lại khi kh&ocirc;ng muốn tiếp tục nhờ&nbsp;<strong>c&ocirc;ng tắc kh&oacute;a camera</strong>&nbsp;được trang bị sẵn.</p>\r\n\r\n<p><a href=\"https://www.thegioididong.com/images/44/260292/asus-vivobook-pro-15-oled-m3500qc-r5-l1105t-13-1.jpg\" onclick=\"return false;\"><img alt=\"Asus VivoBook Pro 15 OLED M3500QC R5 5600H (L1105T) - Webcam\" src=\"https://cdn.tgdd.vn/Products/Images/44/260292/asus-vivobook-pro-15-oled-m3500qc-r5-l1105t-13-1.jpg\" title=\"Asus VivoBook Pro 15 OLED M3500QC R5 5600H (L1105T) - Webcam\" /></a></p>\r\n\r\n<p>Tận hưởng &acirc;m thanh to r&otilde; với những &acirc;m cao v&agrave; &acirc;m trầm h&agrave;i h&ograve;a nhờ c&ocirc;ng nghệ&nbsp;Audio by Harman/Kardon, cho bạn những cảm gi&aacute;c ch&acirc;n thật như đưa bạn v&agrave;o trong ch&iacute;nh những trận game, bộ phim hay ch&igrave;m đắm trong thế giới &acirc;m nhạc đầy thử gi&atilde;n, sau một ng&agrave;y d&agrave;i mệt mỏi.</p>\r\n\r\n<p><a href=\"https://www.thegioididong.com/images/44/260292/asus-vivobook-pro-15-oled-m3500qc-r5-l1105t-12-1.jpg\" onclick=\"return false;\"><img alt=\"Asus VivoBook Pro 15 OLED M3500QC R5 5600H (L1105T) - Âm thanh\" src=\"https://cdn.tgdd.vn/Products/Images/44/260292/asus-vivobook-pro-15-oled-m3500qc-r5-l1105t-12-1.jpg\" title=\"Asus VivoBook Pro 15 OLED M3500QC R5 5600H (L1105T) - Âm thanh\" /></a></p>\r\n\r\n<h3><strong>Đ&aacute;nh thức sức mạnh với chip AMD</strong></h3>\r\n\r\n<p>Mang đến tốc độ cơ bản&nbsp;<strong>3.30 GHz</strong>&nbsp;v&agrave; &eacute;p xung l&ecirc;n đến&nbsp;<strong>4.2 GHz</strong>&nbsp;nhờ&nbsp;<strong>Turbo Boost, AMD</strong>&nbsp;<strong>Ryzen 5 5600H&nbsp;</strong>hiện đại sở hữu&nbsp;<strong>6 nh&acirc;n 12 luồng</strong>&nbsp;cho ph&eacute;p bạn xử l&yacute; nhanh gọn mọi t&aacute;c vụ văn ph&ograve;ng c&ugrave;ng Word, Excel,... một c&aacute;ch hiệu quả, đồng thời hỗ trợ bạn thoả sức với đam m&ecirc; thiết kế c&ugrave;ng hiệu năng vượt trội đ&aacute;ng kinh ngạc.</p>\r\n\r\n<p>Hạn chế tối đa t&igrave;nh trạng giật lag khi mở c&ugrave;ng l&uacute;c nhiều ứng dụng nhờ tốc độ Bus RAM&nbsp;<strong>3200 MHz&nbsp;</strong>của RAM 8 GB&nbsp;chuẩn&nbsp;<strong>DDR4 (On board)&nbsp;</strong>mang đến một phi&ecirc;n bản đa nhiệm, hỗ trợ bạn tối đa trong mọi việc, n&acirc;ng cao hiệu quả l&agrave;m việc của người d&ugrave;ng.</p>\r\n\r\n<p><a href=\"https://www.thegioididong.com/images/44/260292/asus-vivobook-pro-15-oled-m3500qc-r5-l1105t-4-1.jpg\" onclick=\"return false;\"><img alt=\"Asus VivoBook Pro 15 OLED M3500QC R5 5600H (L1105T) - Cấu hình\" src=\"https://cdn.tgdd.vn/Products/Images/44/260292/asus-vivobook-pro-15-oled-m3500qc-r5-l1105t-4-1.jpg\" title=\"Asus VivoBook Pro 15 OLED M3500QC R5 5600H (L1105T) - Cấu hình\" /></a></p>\r\n\r\n<p>Thỏa m&atilde;n đam m&ecirc; s&aacute;ng tạo của mỗi người, c&ugrave;ng nhau tạo n&ecirc;n những kiệt t&aacute;c khi sử dụng những ứng dụng nh&agrave; Adobe như&nbsp;Photoshop, AI, Lightroom,...&nbsp;card đồ họa rời&nbsp;<strong>NVIDIA</strong>&nbsp;<strong>GeForce RTX 3050, 4 GB</strong>&nbsp;mang đến những h&igrave;nh ảnh chất lượng, r&otilde; n&eacute;t d&ugrave; trong cả những game c&oacute; mức đồ họa trung b&igrave;nh như PUBG: Battlegrounds, LOL,...</p>\r\n\r\n<p><a href=\"https://www.thegioididong.com/images/44/260292/asus-vivobook-pro-15-oled-m3500qc-r5-l1105t-5-1.jpg\" onclick=\"return false;\"><img alt=\"Asus VivoBook Pro 15 OLED M3500QC R5 5600H (L1105T) - Card đồ hoạ\" src=\"https://cdn.tgdd.vn/Products/Images/44/260292/asus-vivobook-pro-15-oled-m3500qc-r5-l1105t-5-1.jpg\" title=\"Asus VivoBook Pro 15 OLED M3500QC R5 5600H (L1105T) - Card đồ hoạ\" /></a></p>\r\n\r\n<p>Thỏa sức lưu trữ mọi loại dữ liệu nhờ ổ cứng <strong>SSD 512 GB&nbsp;NVMe PCle</strong>&nbsp;c&oacute; thể th&aacute;o ra, lắp thanh kh&aacute;c tối đa<strong>&nbsp;2 TB</strong>, kh&ocirc;ng những cung cấp kh&ocirc;ng gian rộng lớn, m&agrave; c&ograve;n hỗ trợ mở m&aacute;y v&agrave; vận h&agrave;nh ứng dụng trong thời gian nhanh ch&oacute;ng chỉ trong v&agrave;i gi&acirc;y.</p>\r\n\r\n<p><a href=\"https://www.thegioididong.com/images/44/260292/asus-vivobook-pro-15-oled-m3500qc-r5-l1105t-6-1.jpg\" onclick=\"return false;\"><img alt=\"Asus VivoBook Pro 15 OLED M3500QC R5 5600H (L1105T) - SSD\" src=\"https://cdn.tgdd.vn/Products/Images/44/260292/asus-vivobook-pro-15-oled-m3500qc-r5-l1105t-6-1.jpg\" title=\"Asus VivoBook Pro 15 OLED M3500QC R5 5600H (L1105T) - SSD\" /></a></p>\r\n\r\n<h3><strong>Đẳng cấp từ cấu h&igrave;nh cho đến kiểu d&aacute;ng</strong></h3>\r\n\r\n<p>Trở th&agrave;nh người đồng h&agrave;nh năng động v&agrave; đắc lực khi sở hữu&nbsp;trọng lượng&nbsp;<strong>1.65 kg</strong>&nbsp;v&agrave;&nbsp;d&agrave;y&nbsp;<strong>19.9 mm, </strong>laptop Asus&nbsp;c&oacute; lớp vỏ được thiết kế từ chất liệu nhựa bền bỉ c&ugrave;ng nắp lưng được l&agrave;m từ kim loại với những đường cắt kim cương tinh tế, tao nh&atilde;, vừa tạo cảm gi&aacute;c sang trọng cho người d&ugrave;ng, vừa sẵn s&agrave;ng đồng h&agrave;nh c&ugrave;ng bạn trong mọi chuyến đi, đ&aacute;p ứng mọi nhu cầu c&ocirc;ng việc hay giải tr&iacute;.</p>\r\n\r\n<p><a href=\"https://www.thegioididong.com/images/44/260292/asus-vivobook-pro-15-oled-m3500qc-r5-l1105t-2-1.jpg\" onclick=\"return false;\"><img alt=\"Asus VivoBook Pro 15 OLED M3500QC R5 5600H (L1105T) - Thiết kế\" src=\"https://cdn.tgdd.vn/Products/Images/44/260292/asus-vivobook-pro-15-oled-m3500qc-r5-l1105t-2-1.jpg\" title=\"Asus VivoBook Pro 15 OLED M3500QC R5 5600H (L1105T) - Thiết kế\" /></a></p>\r\n\r\n<p>B&agrave;n ph&iacute;m của&nbsp;laptop Asus Vivobook&nbsp;được trang bị&nbsp;<strong>đ&egrave;n nền</strong>&nbsp;với c&aacute;c ph&iacute;m c&oacute; độ nảy tốt, h&agrave;nh tr&igrave;nh ph&iacute;m s&acirc;u c&ugrave;ng c&aacute;c ph&iacute;m số được t&iacute;ch hợp b&ecirc;n phải, hỗ trợ bạn l&agrave;m việc v&agrave; giải tr&iacute; trong cả điều kiện thiếu &aacute;nh s&aacute;ng m&agrave; kh&ocirc;ng lo nhầm lẫn, gia tăng hiệu suất c&ocirc;ng việc.</p>\r\n\r\n<p><a href=\"https://www.thegioididong.com/images/44/260292/asus-vivobook-pro-15-oled-m3500qc-r5-l1105t-7-1.jpg\" onclick=\"return false;\"><img alt=\"Asus VivoBook Pro 15 OLED M3500QC R5 5600H (L1105T) - Bàn phím\" src=\"https://cdn.tgdd.vn/Products/Images/44/260292/asus-vivobook-pro-15-oled-m3500qc-r5-l1105t-7-1.jpg\" title=\"Asus VivoBook Pro 15 OLED M3500QC R5 5600H (L1105T) - Bàn phím\" /></a></p>\r\n\r\n<p>Truy cập v&agrave;o m&aacute;y chỉ trong v&agrave;i gi&acirc;y nhờ<strong>&nbsp;bảo mật v&acirc;n tay</strong>&nbsp;tiện lợi, vừa hỗ trợ đăng nhập trong thời gian ngắn, vừa gi&uacute;p đảm bảo an to&agrave;n cho c&aacute;c dữ liệu c&aacute; nh&acirc;n hay th&ocirc;ng tin cơ mật.</p>\r\n\r\n<p><a href=\"https://www.thegioididong.com/images/44/260292/asus-vivobook-pro-15-oled-m3500qc-r5-l1105t-8-1.jpg\" onclick=\"return false;\"><img alt=\"Asus VivoBook Pro 15 OLED M3500QC R5 5600H (L1105T) - Bảo mật vân tay\" src=\"https://cdn.tgdd.vn/Products/Images/44/260292/asus-vivobook-pro-15-oled-m3500qc-r5-l1105t-8-1.jpg\" title=\"Asus VivoBook Pro 15 OLED M3500QC R5 5600H (L1105T) - Bảo mật vân tay\" /></a></p>\r\n\r\n<p>Những cổng giao tiếp th&ocirc;ng dụng cũng được thiết kế dọc theo hai b&ecirc;n laptop như&nbsp;USB 3.2, 2 cổng USB 2.0,&nbsp;HDMI,&nbsp;Jack tai nghe 3.5 mm,&nbsp;USB Type-C&nbsp;v&agrave; khe đọc thẻ nhớ Micro SD hỗ trợ người d&ugrave;ng truyền xuất mọi loại dữ liệu nhanh ch&oacute;ng với c&aacute;c thiết bị ngoại vi tương th&iacute;ch, mang đến hiệu suất cao trong c&ocirc;ng việc hay học tập.</p>\r\n\r\n<p><a href=\"https://www.thegioididong.com/images/44/260292/asus-vivobook-pro-15-oled-m3500qc-r5-l1105t-14-1.jpg\" onclick=\"return false;\"><img alt=\"Asus VivoBook Pro 15 OLED M3500QC R5 5600H (L1105T) - Cổng kết nối\" src=\"https://cdn.tgdd.vn/Products/Images/44/260292/asus-vivobook-pro-15-oled-m3500qc-r5-l1105t-14-1.jpg\" title=\"Asus VivoBook Pro 15 OLED M3500QC R5 5600H (L1105T) - Cổng kết nối\" /></a></p>\r\n\r\n<p>Phi&ecirc;n bản laptop đồ họa - kỹ thuật n&agrave;y c&ograve;n cung cấp đường truyền ổn định hơn bao giờ hết nhờ&nbsp;<strong>Bluetooth 5.0&nbsp;</strong>v&agrave;&nbsp;<strong>Wi-Fi 6 (802.11 ax)</strong>, cho ph&eacute;p bạn truyền tải dữ liệu ở cả trong nh&agrave; hay ngo&agrave;i trời thuận lợi, kh&ocirc;ng lo gi&aacute;n đoạn.</p>\r\n\r\n<p>Asus VivoBook Pro 15 OLED M3500QC R5 5600H (L1105T) l&agrave; phi&ecirc;n bản&nbsp;laptop học tập - văn ph&ograve;ng&nbsp;đ&aacute;ng được sở hữu với thiết kế thời thượng, thanh lịch c&ugrave;ng cấu h&igrave;nh đầy mạnh mẽ, l&agrave; người cộng sự l&yacute; tưởng trong cả c&ocirc;ng việc, học tập hay giải tr&iacute;.</p>', 1, 26590000, 26290000, 1, '2022-03-12 02:26:40', '2022-03-21 04:02:00', '/storage/uploads/2022/03/21/asus-vivobook-pro-15-oled-m3500qc-r5-l1105t-2.jpg'),
(6, 'Laptop Asus ExpertBook B9400CEA', 'Asus ExpertBook B9400CEA i5 1135G7 (KC1013W) mang thiết kế hiện đại cùng cấu hình mạnh mẽ với nhiều tính năng bảo mật cao, là người bạn đồng hành lý tưởng cho người dùng doanh nhân, nhân viên văn phòng.', '<h3>&bull; Laptop Asus c&oacute; trọng lượng chỉ&nbsp;<strong>1.01 kg</strong>&nbsp;được thiết kế tinh tế từ&nbsp;<strong>hợp kim Lithium-Magie&nbsp;</strong>cao cấp cho ph&eacute;p bạn dễ d&agrave;ng mang theo đến bất kỳ đ&acirc;u.</h3>\r\n\r\n<p>&bull;&nbsp;M&agrave;n h&igrave;nh&nbsp;<strong>14 inch</strong>&nbsp;viền mỏng<strong>&nbsp;</strong>sở hữu c&aacute;c c&ocirc;ng nghệ ti&ecirc;n tiến như&nbsp;<strong>100% sRGB</strong>, chống ch&oacute;i&nbsp;<strong>Anti Glare,&nbsp;LED Backlit&nbsp;</strong>v&agrave; m&agrave;n h&igrave;nh&nbsp;<strong>Wide View,&nbsp;</strong>mang đến những trải nghiệm h&igrave;nh ảnh sắc n&eacute;t, ch&acirc;n thật ở cả những nơi c&oacute; điều kiện &aacute;nh s&aacute;ng cao&nbsp;nhờ độ s&aacute;ng&nbsp;<strong>400 nits</strong>.</p>\r\n\r\n<p>&bull;&nbsp;Bộ vi xử l&yacute;&nbsp;<strong>Intel Core i5</strong>&nbsp;<strong>Tiger&nbsp;Lake 1135G7</strong>&nbsp;với card đồ họa t&iacute;ch hợp&nbsp;<strong>Intel Iris Xe Graphics</strong>&nbsp;hỗ trợ bạn xử l&yacute; tốt mọi t&aacute;c vụ văn ph&ograve;ng, vừa cho bạn s&aacute;ng tạo thoải m&aacute;i c&ugrave;ng c&aacute;c ứng dụng Ai, Photoshop,...</p>\r\n\r\n<p>&bull; Bộ nhớ&nbsp;<strong>RAM 8 GB</strong>&nbsp;c&ugrave;ng ổ cứng&nbsp;<strong>SSD 512 GB</strong><strong>&nbsp;</strong>cho khả năng đa nhiệm mượt m&agrave;, r&uacute;t ngắn thời gian phản hồi c&aacute;c t&aacute;c vụ.</p>\r\n\r\n<p>&bull;&nbsp;Laptop Asus ExpertBook&nbsp;được thiết kế&nbsp;<strong>đ&egrave;n nền đơn sắc</strong>&nbsp;ở b&agrave;n ph&iacute;m c&ugrave;ng&nbsp;<strong>Numberpad</strong>&nbsp;hỗ trợ tối ưu cho người d&ugrave;ng trong việc nhập liệu, t&iacute;nh to&aacute;n.</p>\r\n\r\n<p>&bull;&nbsp;<strong>Camera IR</strong>&nbsp;sở hữu t&iacute;nh năng&nbsp;<strong>mở kh&oacute;a khu&ocirc;n mặt</strong>,&nbsp;<strong>bảo mật v&acirc;n tay</strong>&nbsp;một chạm gi&uacute;p&nbsp;tiết kiệm thời gian truy cập v&agrave;o m&aacute;y, đảm bảo an to&agrave;n hơn cho dữ liệu c&aacute; nh&acirc;n. Chip&nbsp;<strong>TPM 2.0</strong>&nbsp;tăng cường bảo mật cho m&aacute;y t&iacute;nh, tr&aacute;nh sự x&acirc;m nhập tr&aacute;i ph&eacute;p, đ&aacute;nh cắp dữ liệu.</p>\r\n\r\n<p>&bull;&nbsp;<strong>Ti&ecirc;u chuẩn Nền Intel Evo</strong>&nbsp;được chứng nhận khi chiếc laptop&nbsp;n&agrave;y c&oacute; khả năng sạc nhanh, khởi động từ chế độ sleep dưới 1 gi&acirc;y,... B&ecirc;n cạnh đ&oacute;, m&aacute;y cũng<strong>&nbsp;</strong>đạt&nbsp;<strong>độ bền chuẩn qu&acirc;n đội&nbsp;MIL STD 810H</strong>.</p>\r\n\r\n<p>&bull; Trang bị c&aacute;c cổng kết nối USB 3.2, 2 x Thunderbolt 4 USB-C, HDMI v&agrave; Micro HDMI cho qu&aacute; tr&igrave;nh truyền xuất dữ liệu thuận tiện hơn.</p>\r\n\r\n<p>&bull;&nbsp;Hệ điều h&agrave;nh<strong>&nbsp;Windows 11 Home SL&nbsp;</strong>được trang bị ở chiếc&nbsp;laptop cao cấp&nbsp;n&agrave;y&nbsp;cho giao diện hiện đại, dễ sử dụng c&ugrave;ng kho ứng dụng rộng lớn.</p>\r\n\r\n<p>&bull;&nbsp;C&ocirc;ng nghệ&nbsp;<strong>Audio by Harman/Kardon</strong>&nbsp;mang đến &acirc;m thanh to r&otilde;, sống động như thật.</p>', 4, 30490000, 29190000, 1, '2022-03-12 02:29:59', '2022-03-21 04:01:47', '/storage/uploads/2022/03/21/asus-expertbook-b9400cea-i5-kc1013w-2.jpg'),
(7, 'Laptop Apple MacBook Air M1 2020', 'Apple MacBook Air M1 2020 sở hữu các tính năng hiện đại cùng với hiệu năng mạnh mẽ từ Chip Apple M1 độc quyền từ Apple, chiếc laptop nhỏ gọn này rất phù hợp với sinh viên, nhân viên văn phòng không chỉ xử lý tốt các tác vụ văn phòng mà còn giải quyết ổn định thiết kế đồ hoạ.', '<h3><strong>Thiết kế cao cấp, mỏng nhẹ</strong></h3>\r\n\r\n<p>T&ocirc;n l&ecirc;n vẻ c&aacute; t&iacute;nh, sang trọng, laptop&nbsp;được bọc bởi một lớp kim loại nguy&ecirc;n khối c&ugrave;ng với những đường n&eacute;t trang nh&atilde;, tinh tế. Hơn thế nữa, với trọng lượng kh&aacute; nhẹ chỉ&nbsp;<strong>1.29 kg&nbsp;</strong>v&agrave;<strong>&nbsp;</strong>độ mỏng từ&nbsp;<strong>4.1 mm</strong>&nbsp;đến&nbsp;<strong>16.1 mm</strong>&nbsp;c&oacute; thể dễ d&agrave;ng mang theo, chiếc laptop n&agrave;y sẽ l&agrave; người bạn đồng h&agrave;nh c&ugrave;ng bạn mọi l&uacute;c mọi nơi như đi c&ocirc;ng t&aacute;c, đi học, đi họp,...</p>\r\n\r\n<p><a href=\"https://www.thegioididong.com/images/44/231250/apple-macbook-air-2020-m1-mgn73saa-015820-085804.jpg\" onclick=\"return false;\"><img alt=\"Apple Macbook Air M1 (MGN73SA/A) - Thiết kế\" src=\"https://cdn.tgdd.vn/Products/Images/44/231250/apple-macbook-air-2020-m1-mgn73saa-015820-085804.jpg\" title=\"Apple Macbook Air M1 (MGN73SA/A) - Thiết kế\" /></a></p>\r\n\r\n<p>C&ocirc;ng nghệ&nbsp;cảm biến v&acirc;n tay được MacBook&nbsp;t&iacute;ch hợp gọn g&agrave;ng tr&ecirc;n b&agrave;n ph&iacute;m, chỉ với một chạm bạn sẽ dễ d&agrave;ng mở kho&aacute; m&aacute;y t&iacute;nh, đăng nhập t&agrave;i khoản,... đồng thời bảo mật được dữ liệu quan trọng trong c&ocirc;ng việc hay c&aacute;c t&agrave;i khoản c&aacute;c nh&acirc;n tr&ecirc;n m&aacute;y, tr&aacute;nh người lạ x&acirc;m nhập.</p>\r\n\r\n<p><a href=\"https://www.thegioididong.com/images/44/231250/apple-macbook-air-2020-m1-mgn73saa-101220-081215.jpg\" onclick=\"return false;\"><img alt=\"Apple Macbook Air M1 (MGN73SA/A) - Vân tay\" src=\"https://cdn.tgdd.vn/Products/Images/44/231250/apple-macbook-air-2020-m1-mgn73saa-101220-081215.jpg\" title=\"Apple Macbook Air M1 (MGN73SA/A) - Vân tay\" /></a></p>\r\n\r\n<p>Ngo&agrave;i ra,&nbsp;Macbook M1&nbsp;c&ograve;n được t&iacute;ch hợp đ&egrave;n b&agrave;n ph&iacute;m&nbsp;kh&ocirc;ng chỉ mang lại sự thẩm mỹ cao m&agrave; c&ograve;n gi&uacute;p người d&ugrave;ng sử dụng ngay cả trong điều kiện thiếu s&aacute;ng một c&aacute;ch tiện lợi.</p>\r\n\r\n<p><a href=\"https://www.thegioididong.com/images/44/231250/apple-macbook-air-2020-m1-mgn73saa-015920-085913.jpg\" onclick=\"return false;\"><img alt=\"Apple Macbook Air M1 (MGN73SA/A) - Bàn phím\" src=\"https://cdn.tgdd.vn/Products/Images/44/231250/apple-macbook-air-2020-m1-mgn73saa-015920-085913.jpg\" title=\"Apple Macbook Air M1 (MGN73SA/A) - Bàn phím\" /></a></p>\r\n\r\n<p>Tuy mỏng nhẹ nhưng&nbsp;MacBook Air M1 512GB&nbsp;vẫn trang bị 2 cổng Thunderbolt 3 (USB-C) cho ph&eacute;p bạn kết nối dễ d&agrave;ng với c&aacute;c thiết bị ngoại vi, m&agrave;n h&igrave;nh v&agrave; m&aacute;y chiếu, chia sẻ dữ liệu cũng đơn giản hơn th&ocirc;ng qua c&aacute;c cổng. C&aacute;c chuẩn kết nối kh&ocirc;ng d&acirc;y&nbsp;Wi-Fi 6-802.11ax, Bluetooth v5.0 hỗ trợ đường truyền t&iacute;n hiệu ổn định hơn, kết nối nhanh hơn, tr&aacute;nh xảy ra lỗi khi thao t&aacute;c.</p>\r\n\r\n<p><a href=\"https://www.thegioididong.com/images/44/231250/apple-macbook-air-2020-m1-mgn73saa-010220-090225.jpg\" onclick=\"return false;\"><img alt=\"Apple Macbook Air M1 (MGN73SA/A) - Kết nối\" src=\"https://cdn.tgdd.vn/Products/Images/44/231250/apple-macbook-air-2020-m1-mgn73saa-010220-090225.jpg\" title=\"Apple Macbook Air M1 (MGN73SA/A) - Kết nối\" /></a></p>\r\n\r\n<h3><strong>Hiệu năng mạnh mẽ gấp 3.5 lần thế hệ trước đ&oacute;</strong></h3>\r\n\r\n<p>Sở hữu loại chip đầu ti&ecirc;n được trang bị d&agrave;nh ri&ecirc;ng cho MAC dựa tr&ecirc;n cấu tr&uacute;c ARM l&agrave;&nbsp;Apple M1, với bộ vi xử l&yacute; 8 l&otilde;i v&agrave; kiến tr&uacute;c 5 nm, M1 mang đến hiệu suất CPU nhanh hơn 3.5 lần, 8 nh&acirc;n GPU nhanh hơn 5 lần so với thế hệ trước. 8 l&otilde;i CPU của M1 c&oacute; 4 l&otilde;i hiệu suất cao v&agrave; 4 l&otilde;i tiết kiệm điện, nhờ vậy laptop xử l&yacute; tuyệt vời c&aacute;c thao t&aacute;c văn ph&ograve;ng qua c&aacute;c phần mềm như Word, Excel,... Kh&ocirc;ng chỉ vậy, bạn c&ograve;n thao t&aacute;c được c&aacute;c thiết kế đồ hoạ ổn định, kết xuất 2D tiện lợi.</p>\r\n\r\n<p>RAM 8 GB&nbsp;cải thiện khả năng đa nhiệm, tức l&agrave; bạn c&oacute; thể mở nhiều phần mềm c&ugrave;ng l&uacute;c. Bạn c&oacute; thể vừa lướt web vừa nghe nhạc, mở nhiều ứng dụng hay nhiều tab Chrome m&agrave; kh&ocirc;ng sợ bị giật lag.&nbsp;</p>\r\n\r\n<p><a href=\"https://www.thegioididong.com/images/44/231250/apple-macbook-air-2020-m1-mgn73saa-011220-0838120.jpg\" onclick=\"return false;\"><img alt=\"MacBook Air M1 2020 Space Grey (MGN73SA/A) - Cấu hình\" src=\"https://cdn.tgdd.vn/Products/Images/44/231250/apple-macbook-air-2020-m1-mgn73saa-011220-0838120.jpg\" title=\"MacBook Air M1 2020 Space Grey (MGN73SA/A) - Cấu hình\" /></a></p>\r\n\r\n<p>Ngo&agrave;i ra, với ổ cứng&nbsp;SSD 256 GB&nbsp;tạo một kh&ocirc;ng gian lưu trữ đủ để cho bạn&nbsp;lưu lại c&aacute;c tệp tin như phim ảnh, t&agrave;i liệu, psd,... v&agrave; tốc độ l&agrave;m việc cũng được n&acirc;ng cao, phản hồi nhanh ch&oacute;ng, tiết kiệm được thời gian khởi động m&aacute;y v&agrave; mở c&aacute;c ứng dụng nặng.</p>\r\n\r\n<p><a href=\"https://www.thegioididong.com/images/44/231250/apple-macbook-air-2020-m1-mgn73saa-011220-0839150.jpg\" onclick=\"return false;\"><img alt=\"MacBook Air M1 2020 Space Grey (MGN73SA/A) - SSD\" src=\"https://cdn.tgdd.vn/Products/Images/44/231250/apple-macbook-air-2020-m1-mgn73saa-011220-0839150.jpg\" title=\"MacBook Air M1 2020 Space Grey (MGN73SA/A) - SSD\" /></a></p>\r\n\r\n<p>Kho ứng dụng tr&ecirc;n macOS đ&atilde; tiếp tục được n&acirc;ng cấp với số lượng c&agrave;ng lớn hơn.</p>\r\n\r\n<p><a href=\"https://www.thegioididong.com/images/44/231250/apple-macbook-air-2020-m1-mgn73saa-101220-081257.jpg\" onclick=\"return false;\"><img alt=\"Apple Macbook Air M1 (MGN73SA/A) - MacOS\" src=\"https://cdn.tgdd.vn/Products/Images/44/231250/apple-macbook-air-2020-m1-mgn73saa-101220-081257.jpg\" title=\"Apple Macbook Air M1 (MGN73SA/A) - MacOS\" /></a></p>\r\n\r\n<h3><strong>H&igrave;nh ảnh ch&acirc;n thực, sống động</strong></h3>\r\n\r\n<p>Được trang bị&nbsp;m&agrave;n h&igrave;nh Retina 13.3 inch, MacBook Air đem đến cho bạn một trải nghiệm tuyệt vời với chất lượng m&agrave;u sắc rực rỡ, t&aacute;i hiện h&igrave;nh ảnh sắc n&eacute;t, sống động.</p>\r\n\r\n<p>Tấm nền IPS&nbsp;gi&uacute;p g&oacute;c nh&igrave;n trở n&ecirc;n rộng l&ecirc;n đến<strong>&nbsp;178 độ</strong>, kh&ocirc;ng c&ograve;n hiện tượng h&igrave;nh ảnh bị thay đổi khi nh&igrave;n từ g&oacute;c độ kh&aacute;c. B&ecirc;n cạnh đ&oacute;, với sự kết hợp c&ocirc;ng nghệ&nbsp;True Tone, m&agrave;n h&igrave;nh sẽ tự động điều chỉnh nhiệt độ m&agrave;u của m&aacute;y dựa tr&ecirc;n &aacute;nh s&aacute;ng của m&ocirc;i trường, bảo vệ mắt bạn kh&ocirc;ng bị nhức mỏi khi thay đổi &aacute;nh s&aacute;ng đột ngột.</p>\r\n\r\n<p><a href=\"https://www.thegioididong.com/images/44/231250/apple-macbook-air-2020-m1-mgn73saa-010420-090413.jpg\" onclick=\"return false;\"><img alt=\"Apple Macbook Air M1 (MGN73SA/A) - Màn hình\" src=\"https://cdn.tgdd.vn/Products/Images/44/231250/apple-macbook-air-2020-m1-mgn73saa-010420-090413.jpg\" title=\"Apple Macbook Air M1 (MGN73SA/A) - Màn hình\" /></a></p>\r\n\r\n<p>Đặc biệt&nbsp;Face Time Camera&nbsp;được trang bị v&agrave;o MacBook gi&uacute;p bạn ghi h&igrave;nh với chất lượng h&igrave;nh ảnh cao, đem lại cảm gi&aacute;c ch&acirc;n thật khi gọi video cho người th&acirc;n, bạn b&egrave;, đ&aacute;p ứng tốt cho việc học online v&agrave; họp trực tuyến thuận tiện hơn qua c&aacute;c phần mềm Zoom, Google Meet,...</p>\r\n\r\n<p><a href=\"https://www.thegioididong.com/images/44/231250/apple-macbook-air-2020-m1-mgn73saa-101220-0810060.jpg\" onclick=\"return false;\"><img alt=\"MacBook Air M1 2020 Space Grey (MGN73SA/A) - Webcam\" src=\"https://cdn.tgdd.vn/Products/Images/44/231250/apple-macbook-air-2020-m1-mgn73saa-101220-0810060.jpg\" title=\"MacBook Air M1 2020 Space Grey (MGN73SA/A) - Webcam\" /></a></p>\r\n\r\n<p>B&ecirc;n cạnh chất lượng h&igrave;nh ảnh, c&ocirc;ng nghệ &acirc;m thanh của laptop cũng kh&ocirc;ng k&eacute;m phần nổi bật với&nbsp;loa k&eacute;p (2 k&ecirc;nh)&nbsp;mang đến sự cảm nhận &acirc;m thanh r&otilde; rệt, sống động cho người d&ugrave;ng. Cho bạn sự trải nghiệm đắm ch&igrave;m v&agrave;o c&aacute;c kh&ocirc;ng gian giải tr&iacute; hấp dẫn như chơi game, xem phim, nghe nhạc,...</p>\r\n\r\n<p>Laptop Apple MacBook Air M1 2020 thuộc d&ograve;ng&nbsp;laptop cao cấp, sang trọng&nbsp;nhưng kh&ocirc;ng k&eacute;m phần năng động, c&aacute; t&iacute;nh, t&iacute;ch hợp đầy đủ c&aacute;c t&iacute;nh năng gi&uacute;p bạn xử l&yacute; tốt t&aacute;c vụ văn ph&ograve;ng lẫn thiết kế đồ hoạ, đ&acirc;y sẽ l&agrave; một sự lựa chọn ho&agrave;n hảo d&agrave;nh cho mọi người.</p>', 4, 34990000, 31990000, 1, '2022-03-12 02:35:06', '2022-03-21 04:01:20', '/storage/uploads/2022/03/21/macbook-air-m1-2020-gold-02-org.jpg');
INSERT INTO `products` (`id`, `name`, `description`, `content`, `menu_id`, `price`, `price_sale`, `active`, `created_at`, `updated_at`, `thumb`) VALUES
(8, 'Laptop Apple MacBook Pro M1 2020', 'Laptop Apple Macbook Pro M1 2020 (Z11C000CJ) với chip M1 dành riêng cho MacBook đưa hiệu năng của MacBook Pro 2020 lên một tầm cao mới. Màn hình Retina siêu nét, thời lượng pin ấn tượng và hàng loạt các tính năng hiện đại giúp bạn có được trải nghiệm làm việc chuyên nghiệp nhất.', '<h3><strong>Vi xử l&iacute; M1 mạnh mẽ đột ph&aacute;&nbsp;</strong></h3>\r\n\r\n<p>Sức mạnh vượt trội của MacBook Pro đến từ con chip<strong>&nbsp;Apple M1</strong>,<strong>&nbsp;</strong>bộ vi xử l&yacute; đầu ti&ecirc;n được ch&iacute;nh Apple chế tạo cho d&ograve;ng Mac của m&igrave;nh, được t&iacute;ch hợp tr&iacute; tuệ nh&acirc;n tạo th&ocirc;ng minh, khả năng vận h&agrave;nh mạnh mẽ, thỏa sức s&aacute;ng tạo mọi nội dung, đ&aacute;p ứng tốt mọi nhu cầu của người d&ugrave;ng.</p>\r\n\r\n<p>M1 c&ograve;n được t&iacute;ch hợp card đồ họa&nbsp;<strong>8 nh&acirc;n GPU</strong>&nbsp;c&oacute; khả năng xử l&yacute; c&aacute;c t&aacute;c vụ đồ họa như mở c&ugrave;ng l&uacute;c nhiều video với độ ph&acirc;n giải cao, dựng h&igrave;nh 2D, 3D chuy&ecirc;n nghiệp. Bạn c&oacute; thể render video độ ph&acirc;n giải cao tr&ecirc;n <strong>Adobe Premiere</strong> hay <strong>Final Cut</strong> trong thời gian nhanh ch&oacute;ng. Apple tự tin khẳng định rằng M1 l&agrave; con chip đồ hoạ mạnh nhất hiện nay.</p>\r\n\r\n<p>Bộ nhớ&nbsp;<strong>RAM 16 GB</strong>&nbsp;cho tốc độ đa nhiệm nhanh ch&oacute;ng, chuyển đổi mượt m&agrave; giữa nhiều ứng dụng c&ugrave;ng l&uacute;c m&agrave; kh&ocirc;ng xảy ra hiện tượng giật, lag.</p>\r\n\r\n<p><a href=\"https://www.thegioididong.com/images/44/236131/apple-macbook-pro-m1-2020-z11c000cj-04.jpg\" onclick=\"return false;\"><img alt=\"Macbook Pro M1 2020/16GB/1TB SSD (Z11C000CJ) - Cấu hình\" src=\"https://cdn.tgdd.vn/Products/Images/44/236131/apple-macbook-pro-m1-2020-z11c000cj-04.jpg\" title=\"Macbook Pro M1 2020/16GB/1TB SSD (Z11C000CJ) - Cấu hình\" /></a></p>\r\n\r\n<p>Đặc biệt,<strong>&nbsp;ổ cứng SSD </strong>với dung lượng l&ecirc;n đến<strong> 1 TB</strong>&nbsp;đem đến cho người d&ugrave;ng kh&ocirc;ng gian lưu trữ lớn m&agrave; tốc độ lại cực nhanh. Th&ocirc;ng thường, bạn sẽ chỉ mất khoảng 3 - 5 gi&acirc;y để mở ứng dụng cũng như khởi động MacBook chỉ cần khoảng <strong>10 gi&acirc;y</strong>.</p>\r\n\r\n<p><a href=\"https://www.thegioididong.com/images/44/236131/apple-macbook-pro-m1-2020-z11c000cj-05.jpg\" onclick=\"return false;\"><img alt=\"Macbook Pro M1 2020/16GB/1TB SSD (Z11C000CJ) - SSD\" src=\"https://cdn.tgdd.vn/Products/Images/44/236131/apple-macbook-pro-m1-2020-z11c000cj-05.jpg\" title=\"Macbook Pro M1 2020/16GB/1TB SSD (Z11C000CJ) - SSD\" /></a></p>\r\n\r\n<p>Theo h&atilde;ng, MacBook Pro&nbsp;c&oacute; thời lượng pin sử dụng khoảng<strong>&nbsp;10 giờ&nbsp;</strong>l&agrave;m việc, lướt web, cũng như xem video với mỗi lần sạc đầy.&nbsp;</p>\r\n\r\n<h3><strong>Kh&ocirc;ng gian hiển thị tuyệt mĩ tr&ecirc;n m&agrave;n h&igrave;nh 13.3 inch</strong></h3>\r\n\r\n<p>M&agrave;n h&igrave;nh <strong>Retina</strong>&nbsp;<strong>(2560 x 1600)</strong>&nbsp;mang đến những h&igrave;nh ảnh, văn bản sắc n&eacute;t, những thước phim sống động nhất. Tấm nền&nbsp;<strong>IPS&nbsp;</strong>cho g&oacute;c nh&igrave;n rộng, hiển thị đồng nhất qua từng g&oacute;c nh&igrave;n.&nbsp;<strong>C&ocirc;ng nghệ True Tone</strong>&nbsp;c&acirc;n bằng m&agrave;u trắng tự động để ph&ugrave; hợp với nhiệt độ m&agrave;u của &aacute;nh s&aacute;ng tự nhi&ecirc;n xung quanh, đem đến trải nghiệm xem tự nhi&ecirc;n nhất.</p>\r\n\r\n<p>Đặc biệt, với độ s&aacute;ng m&agrave;n h&igrave;nh&nbsp;<strong>500 nits</strong>, m&aacute;y t&iacute;nh hiển thị h&igrave;nh ảnh rực rỡ, độ s&aacute;ng cao để hiển thị tốt kể cả trong điều kiện sử dụng ngo&agrave;i trời.</p>\r\n\r\n<p><a href=\"https://www.thegioididong.com/images/44/236131/apple-macbook-pro-m1-2020-z11c000cj-006.jpg\" onclick=\"return false;\"><img alt=\"MacBook Pro M1 2020 - Màn hình Retina\" src=\"https://cdn.tgdd.vn/Products/Images/44/236131/apple-macbook-pro-m1-2020-z11c000cj-006.jpg\" title=\"MacBook Pro M1 2020 - Màn hình Retina\" /></a></p>\r\n\r\n<p><strong>MacBook Pro M1 16GB 1TB</strong>&nbsp;sở hữu hệ thống loa k&eacute;p kết hợp với c&ocirc;ng nghệ &acirc;m thanh đ&igrave;nh đ&aacute;m&nbsp;<strong>Dolby Atmos</strong>&nbsp;cho chất &acirc;m trong trẻo, to r&otilde; c&ugrave;ng hiệu ứng &acirc;m thanh v&ograve;m ph&aacute;t ra từ nhiều hướng để bạn thỏa sức tận hưởng &acirc;m nhạc.&nbsp;</p>\r\n\r\n<h3><strong>Thiết kế sang trọng, đẳng cấp&nbsp;</strong></h3>\r\n\r\n<p>Apple vẫn giữ nguy&ecirc;n thiết kế sang trọng tuyệt mĩ của m&igrave;nh đối với phi&ecirc;n bản n&agrave;y, bởi n&oacute; vốn đ&atilde; ho&agrave;n hảo v&agrave; được người d&ugrave;ng y&ecirc;u th&iacute;ch. Với vỏ kim loại nguy&ecirc;n khối, đường n&eacute;t mạnh mẽ, chiếc m&aacute;y mang đến sự đẳng cấp cho người d&ugrave;ng khi sở hữu tr&ecirc;n tay chiếc m&aacute;y n&agrave;y. Th&acirc;n m&aacute;y c&oacute; độ d&agrave;y khoảng&nbsp;<strong>15.6 mm</strong>&nbsp;v&agrave; c&acirc;n nặng chỉ&nbsp;<strong>1.4 kg</strong>&nbsp;gọn nhẹ v&agrave; dễ di chuyển.&nbsp;</p>\r\n\r\n<p><a href=\"https://www.thegioididong.com/images/44/236131/apple-macbook-pro-m1-2020-z11c000cj-002.jpg\" onclick=\"return false;\"><img alt=\"MacBook Pro M1 16GB/1TB SSD.Space Grey (Z11C000CJ) - Thiết kế\" src=\"https://cdn.tgdd.vn/Products/Images/44/236131/apple-macbook-pro-m1-2020-z11c000cj-002.jpg\" title=\"MacBook Pro M1 16GB/1TB SSD.Space Grey (Z11C000CJ) - Thiết kế\" /></a></p>\r\n\r\n<p>Chiếc m&aacute;y sử dụng b&agrave;n ph&iacute;m magic cho trải nghiệm g&otilde; ph&iacute;m nhanh, kh&ocirc;ng ồn &agrave;o. B&agrave;n ph&iacute;m cũng được t&iacute;ch hợp đ&egrave;n nền tiện dụng. Thanh cảm ứng&nbsp;<strong>Touch Bar</strong>&nbsp;th&ocirc;ng minh hoạt động dựa tr&ecirc;n th&oacute;i quen sử dụng của bạn, th&ecirc;m v&agrave;o những thao t&aacute;c l&agrave;m việc nhanh ch&oacute;ng ở đ&uacute;ng nơi bạn cần.&nbsp;</p>\r\n\r\n<p>Kh&ocirc;ng thể kh&ocirc;ng kể đến&nbsp;<strong>chip bảo mật T2</strong>, cung cấp chế độ bảo mật an to&agrave;n cho chiếc&nbsp;MacBook&nbsp;của bạn.&nbsp;<strong>Cảm biến v&acirc;n tay</strong>&nbsp;thay thế thao t&aacute;c nhập mật khẩu bằng v&acirc;n tay như tr&ecirc;n điện thoại th&ocirc;ng minh để bạn đăng nhập v&agrave;o m&aacute;y, <strong>iTunes</strong> hay <strong>App Store</strong> chỉ với một chạm.</p>\r\n\r\n<p><a href=\"https://www.thegioididong.com/images/44/236131/apple-macbook-pro-m1-2020-z11c000cj-06.jpg\" onclick=\"return false;\"><img alt=\"Macbook Pro M1 2020/16GB/1TB SSD (Z11C000CJ) - Vân tay\" src=\"https://cdn.tgdd.vn/Products/Images/44/236131/apple-macbook-pro-m1-2020-z11c000cj-06.jpg\" title=\"Macbook Pro M1 2020/16GB/1TB SSD (Z11C000CJ) - Vân tay\" /></a></p>\r\n\r\n<p>MacBook Pro 2020 c&oacute; 2 cổng&nbsp;<strong>Thunderbolt 3 (USB-C)</strong>&nbsp;c&oacute; băng th&ocirc;ng kết nối l&ecirc;n tới&nbsp;<strong>40Gbps</strong>, cao gấp đ&ocirc;i so với thế hệ trước, cho ph&eacute;p xuất ra h&igrave;nh ảnh ph&acirc;n giải 5K, hoặc 4K tr&ecirc;n 2 m&agrave;n h&igrave;nh c&ugrave;ng l&uacute;c. <strong>Chuẩn&nbsp;Wi-Fi 6 (802.11ax)</strong>&nbsp;cho tốc độ truyền tải dữ liệu l&ecirc;n đến hơn&nbsp;<strong>10.000 Mbps&nbsp;</strong>để bạn c&oacute; trải nghiệm kết nối cực nhanh, d&ugrave; l&agrave; c&oacute; d&acirc;y hay kh&ocirc;ng d&acirc;y.</p>\r\n\r\n<p><a href=\"https://www.thegioididong.com/images/44/236131/apple-macbook-pro-m1-2020-z11c000cj-08.jpg\" onclick=\"return false;\"><img alt=\"Macbook Pro M1 2020/16GB/1TB SSD (Z11C000CJ) - Cổng kết nối\" src=\"https://cdn.tgdd.vn/Products/Images/44/236131/apple-macbook-pro-m1-2020-z11c000cj-08.jpg\" title=\"Macbook Pro M1 2020/16GB/1TB SSD (Z11C000CJ) - Cổng kết nối\" /></a></p>\r\n\r\n<p><strong>Apple Macbook Pro M1 2020</strong> sở hữu cho m&igrave;nh con chip M1 mới với hiệu năng mạnh mẽ, b&agrave;n ph&iacute;m Magic hiện đại, <strong>Touch Bar</strong> trực quan v&agrave; thời lượng pin tr&acirc;u, tất cả đều hướng tới sự nhanh ch&oacute;ng, tiện lợi nhất cho bạn khi l&agrave;m việc với MacBook Pro.</p>', 4, 52990000, 50490000, 1, '2022-03-12 02:41:09', '2022-03-21 04:01:04', '/storage/uploads/2022/03/21/laptopapplemacbookprom1-2-org.jpg'),
(9, 'Laptop HP Gaming VICTUS 16 d0198TX', 'Laptop HP Gaming VICTUS 16 d0198TX (4R0U0PA) là chiếc laptop gaming mạnh mẽ với vẻ ngoài cá tính, sẵn sàng tác chiến cùng bạn trên mọi chiến trường ảo.', '<h3>&bull; CPU&nbsp;<strong>Intel Core i7 Tiger Lake 11800H</strong>&nbsp;vận h&agrave;nh trơn tru nhu cầu học tập, văn ph&ograve;ng. Card rời&nbsp;<strong>NVIDIA GeForce RTX3050Ti, 4 GB</strong>&nbsp;xử l&yacute; ổn định c&aacute;c t&aacute;c vụ đồ hoạ, bi&ecirc;n tập video, chiến c&aacute;c tựa game hấp dẫn.</h3>\r\n\r\n<p>&bull; Kh&ocirc;ng gian hiển thị rộng lớn với g&oacute;c nh&igrave;n rộng l&ecirc;n đến<strong>&nbsp;178 độ&nbsp;</strong>tr&ecirc;n<strong>&nbsp;</strong>laptop HP VICTUS&nbsp;nhờ k&iacute;ch thước&nbsp;<strong>m&agrave;n h&igrave;nh 16.1 inch</strong>&nbsp;c&ugrave;ng<strong>&nbsp;tấm nền IPS&nbsp;</strong>ti&ecirc;n tiến. Độ s&aacute;ng&nbsp;<strong>250 nits&nbsp;</strong>v&agrave; c&ocirc;ng nghệ&nbsp;<strong>Anti Glare</strong>&nbsp;hạn chế chống ch&oacute;i, lo&aacute; ở nơi c&oacute; &aacute;nh s&aacute;ng mạnh.</p>\r\n\r\n<p>&bull; Tần số qu&eacute;t&nbsp;<strong>144 Hz&nbsp;</strong>gi&uacute;p&nbsp;h&igrave;nh ảnh<strong>&nbsp;</strong>chuyển động v&ocirc; c&ugrave;ng ch&acirc;n thực, hạn chế mờ h&igrave;nh hay x&eacute; h&igrave;nh.&nbsp;</p>\r\n\r\n<p>&bull; Laptop&nbsp;c&oacute; lớp&nbsp;<strong>vỏ nhựa</strong>&nbsp;cứng c&aacute;p với gam m&agrave;u đen nh&aacute;m sang trọng. Trọng lượng&nbsp;<strong>2.46 kg</strong>&nbsp;vẫn c&oacute; thể chấp nhận được so với d&ograve;ng laptop gaming, lu&ocirc;n sẵn s&agrave;ng đồng h&agrave;nh c&ugrave;ng bạn đến bất cứ nơi đ&acirc;u.&nbsp;</p>\r\n\r\n<p>&bull; Laptop HP được trang bị&nbsp;<strong>đ&egrave;n nền đơn sắc</strong>&nbsp;nổi bật hỗ trợ sử dụng trong m&ocirc;i trường thiếu s&aacute;ng.</p>\r\n\r\n<p>&bull; Đa nhiệm mượt m&agrave; nhờ bộ nhớ <strong>RAM 8 GB</strong>. Ổ<strong>&nbsp;</strong>cứng<strong>&nbsp;512 GB SSD</strong><strong>&nbsp;</strong>cung cấp kh&ocirc;ng gian lưu trữ đủ d&ugrave;ng.</p>\r\n\r\n<p>&bull; C&ocirc;ng nghệ&nbsp;<strong>Bang &amp; Olufsen audio</strong>&nbsp;với &acirc;m bass bền chắc, to r&otilde; cho bạn&nbsp;trọn vẹn khoảnh khắc thư gi&atilde;n.&nbsp;&nbsp;</p>\r\n\r\n<p>&bull; Trang bị đa dạng c&aacute;c cổng kết nối như <strong>SuperSpeed USB Type-C, 3 x SuperSpeed USB A, HDMI</strong> v&agrave; <strong>LAN (RJ45)</strong>.</p>', 3, 32490000, 31490000, 1, '2022-03-12 02:48:23', '2022-03-21 04:00:41', '/storage/uploads/2022/03/21/hp-gaming-victus-16-d0198tx-i7-4r0u0pa-1.jpg'),
(10, 'Laptop HP Pavilion x360 14 dy0075TU', 'Một sản phẩm đến từ nhà HP mang trong mình dòng chip thế hệ 11 mạnh mẽ, thiết kế độc đáo, sang trọng - cao cấp với màn hình gập 360 độ tích hợp cảm ứng. Laptop HP Pavilion x360 14 dy0075TU i7 1165G7 (46L93PA) sẽ đem đến sự hài lòng cho người dùng có nhu cầu học tập - văn phòng, thiết kế đồ họa,...', '<h3>&bull; Được trang bị&nbsp;<strong>CPU Intel Core i7 1165G7</strong>&nbsp;c&ugrave;ng card t&iacute;ch hợp&nbsp;<strong>Intel Iris Xe Graphics</strong>&nbsp;cung cấp hiệu năng vượt trội xử l&yacute; nhanh ch&oacute;ng c&aacute;c t&aacute;c vụ hằng ng&agrave;y như Word, Excel, PowerPoint,... hay thiết kế, chỉnh sửa ảnh tr&ecirc;n c&aacute;c phần mềm Adobe.</h3>\r\n\r\n<p>&bull;&nbsp;<strong>RAM 8 GB</strong>&nbsp;đa nhiệm mượt m&agrave; nhiều t&aacute;c vụ c&ugrave;ng l&uacute;c, hạn chế t&igrave;nh trạng giật lag. K&egrave;m với đ&oacute; l&agrave; bộ nhớ trong&nbsp;<strong>SSD 512 GB&nbsp;</strong>cho kh&ocirc;ng gian lưu trữ<strong>&nbsp;</strong>đủ d&ugrave;ng, hỗ trợ truy xuất ứng dụng nhanh ch&oacute;ng.</p>\r\n\r\n<p>&bull;&nbsp;Bản lề gập 360 độ&nbsp;cho ph&eacute;p sử dụng laptop&nbsp;như một chiếc m&aacute;y t&iacute;nh bảng cỡ lớn, t&iacute;ch hợp&nbsp;<strong>cảm ứng đa điểm</strong>&nbsp;tr&ecirc;n m&agrave;n h&igrave;nh gi&uacute;p bạn thoải m&aacute;i s&aacute;ng tạo, giải tr&iacute; linh hoạt trong mọi tư thế.</p>\r\n\r\n<p>&bull; M&agrave;n h&igrave;nh&nbsp;<strong>14 inch</strong>&nbsp;viền mỏng, độ ph&acirc;n giải&nbsp;<strong>Full HD (1920 x 1080)</strong>&nbsp;được trang bị tấm nền&nbsp;<strong>IPS&nbsp;</strong>mang lại cho bạn g&oacute;c nh&igrave;n rộng l&ecirc;n đến&nbsp;<strong>178 độ&nbsp;</strong>m&agrave; kh&ocirc;ng bị giảm chất lượng h&igrave;nh ảnh.</p>\r\n\r\n<p>&bull; Được chế t&aacute;c từ&nbsp;<strong>vỏ nhựa</strong>&nbsp;cứng c&aacute;p c&ugrave;ng&nbsp;<strong>chiếu nghỉ tay kim loại</strong>&nbsp;cho trọng lượng&nbsp;<strong>1.525 kg</strong>, dễ d&agrave;ng cất gọn trong balo mang theo b&ecirc;n m&igrave;nh.</p>\r\n\r\n<p>&bull;&nbsp;Laptop HP Pavilion&nbsp;được t&iacute;ch hợp c&ocirc;ng nghệ &acirc;m thanh&nbsp;<strong>Bang &amp; Olufsen</strong>,&nbsp;<strong>HP Audio Boost</strong>&nbsp;đem đến trải nghiệm nghe nhạc đ&atilde; hơn, lọc tiếng ồn tốt hơn.</p>\r\n\r\n<p>&bull; C&aacute;c cổng kết nối tr&ecirc;n laptop HP&nbsp;đ&aacute;p ứng nhu cầu kết nối với thiết bị ngoại vi tiện lợi như: <strong>2 x SuperSpeed USB A, HDMI, USB Type-C (Power Delivery and DisplayPort)</strong>. T&iacute;nh năng&nbsp;<strong>bảo mật v&acirc;n tay</strong>&nbsp;gi&uacute;p dữ liệu tr&ecirc;n m&aacute;y được bảo vệ an to&agrave;n hơn.</p>', 3, 23690000, 21690000, 1, '2022-03-12 02:51:09', '2022-03-21 04:00:27', '/storage/uploads/2022/03/21/hp-pavilion-x360-14-dy0075tu-i7-46l93pa-2-1.jpg'),
(11, 'Laptop HP EliteBook X360 1040 G8', 'Đẳng cấp và ấn tượng hơn bao giờ hết cùng laptop HP EliteBook X360 1040 G8 i7 (3G1H4PA) với thiết kế sang trọng, bản lề gập xoay 360 độ cùng khả năng vận hành và xử lý mọi tác vụ mạnh mẽ mang đến những trải nghiệm trọn vẹn, khó quên cho người dùng.', '<h3><strong>T&iacute;nh năng đặc biệt tạo n&ecirc;n n&eacute;t ri&ecirc;ng độc đ&aacute;o</strong></h3>\r\n\r\n<p>HP EliteBook&nbsp;sở hữu c&aacute;c cạnh bo viền mềm mại c&ugrave;ng bản lề gập xoay linh hoạt&nbsp;<strong>360 độ&nbsp;</strong>cho ph&eacute;p bạn sử dụng laptop thuận tiện trong việc chia sẻ th&ocirc;ng tin với người đối diện m&agrave; kh&ocirc;ng phải xoay chuyển hướng rườm r&agrave;.</p>\r\n\r\n<p><a href=\"https://www.thegioididong.com/images/44/242415/hp-elitebook-x360-1040-g8-i7-3g1h4pa-7.jpg\" onclick=\"return false;\"><img alt=\"HP EliteBook X360 1040 G8 i7 1165G7 (3G1H4PA) - Bản lề 360 độ\" src=\"https://cdn.tgdd.vn/Products/Images/44/242415/hp-elitebook-x360-1040-g8-i7-3g1h4pa-7.jpg\" title=\"HP EliteBook X360 1040 G8 i7 1165G7 (3G1H4PA) - Bản lề 360 độ\" /></a></p>\r\n\r\n<p>Biến đổi th&agrave;nh chiếc m&aacute;y t&iacute;nh bảng nhanh ch&oacute;ng c&ugrave;ng&nbsp;<strong>m&agrave;n h&igrave;nh cảm ứng&nbsp;</strong>v&agrave; b&uacute;t đi k&egrave;m, cho người d&ugrave;ng thoải m&aacute;i sử dụng trong mọi tư thế, thỏa sức s&aacute;ng tạo trong c&ocirc;ng việc.</p>\r\n\r\n<p><a href=\"https://www.thegioididong.com/images/44/242415/hp-elitebook-x360-1040-g8-i7-3g1h4pa-6.jpg\" onclick=\"return false;\"><img alt=\"HP EliteBook X360 1040 G8 i7 1165G7 (3G1H4PA) - Màn hình ảm ứng\" src=\"https://cdn.tgdd.vn/Products/Images/44/242415/hp-elitebook-x360-1040-g8-i7-3g1h4pa-6.jpg\" title=\"HP EliteBook X360 1040 G8 i7 1165G7 (3G1H4PA) - Màn hình ảm ứng\" /></a></p>\r\n\r\n<p>Đặc biệt, HP EliteBook X360 sở hữu m&agrave;n h&igrave;nh chống nh&igrave;n trộm nhờ c&ocirc;ng nghệ <strong>HP Sure View</strong> đảm bảo an to&agrave;n cho th&ocirc;ng tin của bạn khi l&agrave;m việc nơi c&ocirc;ng cộng như trường học, tr&ecirc;n m&aacute;y bay,...</p>\r\n\r\n<p><a href=\"https://www.thegioididong.com/images/44/242415/hp-elitebook-x360-1040-g8-i7-3g1h4pa-9.jpg\" onclick=\"return false;\"><img alt=\"HP EliteBook X360 1040 G8 i7 1165G7 (3G1H4PA) - HP Sure View\" src=\"https://cdn.tgdd.vn/Products/Images/44/242415/hp-elitebook-x360-1040-g8-i7-3g1h4pa-9.jpg\" title=\"HP EliteBook X360 1040 G8 i7 1165G7 (3G1H4PA) - HP Sure View\" /></a></p>\r\n\r\n<p>An to&agrave;n hơn c&ugrave;ng&nbsp;<strong>bảo mật v&acirc;n tay</strong>, gi&uacute;p tiết kiệm tối đa thời gian mở m&aacute;y nhanh ch&oacute;ng chỉ với một chạm v&agrave; đảm bảo c&aacute;c dữ liệu trong m&aacute;y kh&ocirc;ng bị x&acirc;m phạm.</p>\r\n\r\n<p>Đặc biệt, m&aacute;y được trang bị&nbsp;<strong>Camera IR</strong>&nbsp;hồng ngoại c&oacute; khả năng nhận diện khu&ocirc;n mặt nhờ c&ocirc;ng nghệ<strong>&nbsp;Windows Hello Face</strong>&nbsp;gi&uacute;p bạn tiết kiệm tối ưu thời gian mở kh&oacute;a.</p>\r\n\r\n<p><a href=\"https://www.thegioididong.com/images/44/242415/hp-elitebook-x360-1040-g8-i7-3g1h4pa-8.jpg\" onclick=\"return false;\"><img alt=\"HP EliteBook X360 1040 G8 i7 1165G7 (3G1H4PA) - Bảo mật \" src=\"https://cdn.tgdd.vn/Products/Images/44/242415/hp-elitebook-x360-1040-g8-i7-3g1h4pa-8.jpg\" title=\"HP EliteBook X360 1040 G8 i7 1165G7 (3G1H4PA) - Bảo mật \" /></a></p>\r\n\r\n<h3><strong>Đặc sắc v&agrave; nổi bật c&ugrave;ng vẻ ngo&agrave;i thu h&uacute;t mọi &aacute;nh nh&igrave;n</strong></h3>\r\n\r\n<p>Lớp vỏ kim loại cao cấp c&ugrave;ng &aacute;nh bạc thời thượng phủ b&ecirc;n ngo&agrave;i tạo n&ecirc;n d&aacute;ng vẻ sang trọng, xứng tầm cho một chiếc laptop&nbsp;đẳng cấp, sang trọng.</p>\r\n\r\n<p>Tiện lợi, gọn&nbsp;g&agrave;ng với trọng lượng chỉ nhẹ&nbsp;<strong>1.25 kg</strong>&nbsp;v&agrave; mỏng&nbsp;<strong>16.1 mm,&nbsp;</strong>l&agrave; người bạn đồng h&agrave;nh l&iacute; tưởng tr&ecirc;n mọi h&agrave;nh tr&igrave;nh, đ&aacute;p ứng mọi nhu cầu của người d&ugrave;ng cả khi đang di chuyển.</p>\r\n\r\n<p><a href=\"https://www.thegioididong.com/images/44/242415/hp-elitebook-x360-1040-g8-i7-3g1h4pa-2.jpg\" onclick=\"return false;\"><img alt=\"HP EliteBook X360 1040 G8 i7 1165G7 (3G1H4PA) - Thiết kế\" src=\"https://cdn.tgdd.vn/Products/Images/44/242415/hp-elitebook-x360-1040-g8-i7-3g1h4pa-2.jpg\" title=\"HP EliteBook X360 1040 G8 i7 1165G7 (3G1H4PA) - Thiết kế\" /></a></p>\r\n\r\n<p>B&agrave;n ph&iacute;m c&oacute; h&agrave;nh tr&igrave;nh s&acirc;u, g&otilde; ph&iacute;m &ecirc;m, độ nảy tốt, được trang bị&nbsp;<strong>đ&egrave;n nền</strong>&nbsp;hỗ trợ người d&ugrave;ng l&agrave;m việc v&agrave; giải tr&iacute; trong điều kiện thiếu &aacute;nh s&aacute;ng m&agrave; kh&ocirc;ng lo nhầm lẫn.</p>\r\n\r\n<p>Dọc hai b&ecirc;n laptop HP&nbsp;l&agrave; c&aacute;c cổng kết nối th&ocirc;ng dụng như: 2 cổng <strong>Thunderbolt 4 USB-C</strong>, 2 cổng <strong>USB 3.1</strong> v&agrave; <strong>HDMI</strong> cho bạn truyền tải dữ liệu dễ d&agrave;ng m&agrave; kh&ocirc;ng phải chuyển đổi rườm r&agrave;.</p>\r\n\r\n<p><a href=\"https://www.thegioididong.com/images/44/242415/hp-elitebook-x360-1040-g8-i7-3g1h4pa-12.jpg\" onclick=\"return false;\"><img alt=\"HP EliteBook X360 1040 G8 i7 1165G7 (3G1H4PA) - Cổng kết nối\" src=\"https://cdn.tgdd.vn/Products/Images/44/242415/hp-elitebook-x360-1040-g8-i7-3g1h4pa-12.jpg\" title=\"HP EliteBook X360 1040 G8 i7 1165G7 (3G1H4PA) - Cổng kết nối\" /></a></p>\r\n\r\n<p>Kh&ocirc;ng lo bị ngắt qu&atilde;ng trong suốt qu&aacute; tr&igrave;nh l&agrave;m việc v&agrave; giải tr&iacute; với kết nối chuẩn kh&ocirc;ng d&acirc;y&nbsp;<strong>Wi-Fi 6 AX201&nbsp;</strong>v&agrave;&nbsp;<strong>Bluetooth 5.0</strong>&nbsp;gi&uacute;p bạn truyền xuất dữ liệu nhanh ch&oacute;ng.</p>\r\n\r\n<h3><strong>Đạt chuẩn Intel Evo với hiệu năng vượt trội đến từ chip Intel thế hệ 11</strong></h3>\r\n\r\n<p>Sức mạnh của phi&ecirc;n bản n&agrave;y đến từ bộ vi xử l&yacute;&nbsp;<strong>Intel Core i7&nbsp;Tiger Lake</strong>&nbsp;<strong>1165G7</strong>&nbsp;hiện đại v&agrave; cao cấp khiến mọi t&aacute;c vụ từ cơ bản đến n&acirc;ng cao đều trở n&ecirc;n đơn giản, mượt m&agrave; với xung nhịp trung b&igrave;nh&nbsp;<strong>2.80 GHz</strong>, đạt tối đa l&ecirc;n đến&nbsp;<strong>4.7 GHz</strong>&nbsp;nhờ<strong>&nbsp;Turbo Boost</strong>.</p>\r\n\r\n<p>Đi k&egrave;m theo l&agrave; card đồ họa t&iacute;ch hợp&nbsp;<strong>Intel Iris Xe Graphics</strong> với tốc độ xử l&yacute; h&igrave;nh ảnh hơn gấp<strong>&nbsp;2.7 lần&nbsp;</strong>cho khả năng đồ họa vượt trội, đồng thời đem đến những trải nghiệm ch&acirc;n thật c&ugrave;ng h&agrave;ng loạt tựa game trugn b&igrave;nh đầy kịch t&iacute;nh như LOL, DOTA 2,... với chất lượng h&igrave;nh ảnh vượt trội nhưng vẫn tiết kiệm điện năng đ&aacute;ng kể.</p>\r\n\r\n<p>Mạnh mẽ hơn với <strong>RAM 16 GB</strong> loại&nbsp;<strong>LPDDR4X (On board)&nbsp;</strong>với tốc độ Bus RAM l&ecirc;n đến<strong>&nbsp;4267 MHz&nbsp;</strong>cho ph&eacute;p bạn mở h&agrave;ng chục layer trong Photoshop hay nhiều ứng dụng c&ugrave;ng l&uacute;c m&agrave; kh&ocirc;ng lo m&aacute;y bị đơ hay lag bất thường.</p>\r\n\r\n<p><a href=\"https://www.thegioididong.com/images/44/242415/hp-elitebook-x360-1040-g8-i7-3g1h4pa-3.jpg\" onclick=\"return false;\"><img alt=\"HP EliteBook X360 1040 G8 i7 1165G7 (3G1H4PA) - Cấu hình\" src=\"https://cdn.tgdd.vn/Products/Images/44/242415/hp-elitebook-x360-1040-g8-i7-3g1h4pa-3.jpg\" title=\"HP EliteBook X360 1040 G8 i7 1165G7 (3G1H4PA) - Cấu hình\" /></a></p>\r\n\r\n<p>Kh&ocirc;ng gian lưu trữ rộng r&atilde;i đến từ ổ cứng&nbsp;<strong>SSD 512 GB</strong>&nbsp;<strong>NVMe PCle&nbsp;</strong>cho ph&eacute;p bạn lưu giữ nhiều file ảnh, video hay ứng dụng y&ecirc;u th&iacute;ch, đồng thời tiết kiệm tối đa thời gian mở v&agrave; vận h&agrave;nh m&aacute;y.</p>\r\n\r\n<p><a href=\"https://www.thegioididong.com/images/44/242415/hp-elitebook-x360-1040-g8-i7-3g1h4pa-4.jpg\" onclick=\"return false;\"><img alt=\"HP EliteBook X360 1040 G8 i7 1165G7 (3G1H4PA) - SSD\" src=\"https://cdn.tgdd.vn/Products/Images/44/242415/hp-elitebook-x360-1040-g8-i7-3g1h4pa-4.jpg\" title=\"HP EliteBook X360 1040 G8 i7 1165G7 (3G1H4PA) - SSD\" /></a></p>\r\n\r\n<p>B&ecirc;n cạnh đ&oacute;,&nbsp;HP EliteBook i7 đạt&nbsp;chuẩn nền <strong>Intel Evo</strong>, lu&ocirc;n ở trong tư thế sẵn s&agrave;ng nhờ khả năng khởi động si&ecirc;u nhanh từ chế độ sleep, sở hữu c&ocirc;ng nghệ sạc nhanh v&ocirc; c&ugrave;ng hiện đại v&agrave; tiện lợi.</p>\r\n\r\n<p><a href=\"https://www.thegioididong.com/images/44/242415/hp-elitebook-x360-1040-g8-i7-3g1h4pa-5.jpg\" onclick=\"return false;\"><img alt=\"HP EliteBook X360 1040 G8 i7 1165G7 (3G1H4PA) - Intel Evo\" src=\"https://cdn.tgdd.vn/Products/Images/44/242415/hp-elitebook-x360-1040-g8-i7-3g1h4pa-5.jpg\" title=\"HP EliteBook X360 1040 G8 i7 1165G7 (3G1H4PA) - Intel Evo\" /></a></p>\r\n\r\n<h3><strong>Thỏa m&atilde;n với khung h&igrave;nh sắc n&eacute;t c&ugrave;ng &acirc;m thanh chuy&ecirc;n nghiệp</strong></h3>\r\n\r\n<p>Phi&ecirc;n bản HP n&agrave;y sở hữu m&agrave;n h&igrave;nh <strong>14 inch</strong> c&ugrave;ng độ ph&acirc;n giải&nbsp;<strong>Full HD (1920 x 1080)&nbsp;</strong>v&agrave; độ s&aacute;ng m&agrave;n h&igrave;nh ấn tượng đến&nbsp;<strong>1000 nits</strong>&nbsp;đem đến khung h&igrave;nh ch&acirc;n thật, r&otilde; n&eacute;t dưới mọi điều kiện &aacute;nh s&aacute;ng từ thấp đến cao, từ trong ph&ograve;ng đến ngo&agrave;i trời nắng.</p>\r\n\r\n<p>Tầm nh&igrave;n đ&atilde; mắt hơn với&nbsp;<strong>tấm nền IPS&nbsp;</strong>đem đến khung ảnh mở rộng đến&nbsp;<strong>178 độ&nbsp;</strong>v&agrave; c&ocirc;ng nghệ chống ch&oacute;i&nbsp;<strong>Anti Glare</strong>&nbsp;cho bạn thoải m&aacute;i l&agrave;m việc dưới mọi điều kiện m&agrave; kh&ocirc;ng lo ảnh hưởng đến mắt.</p>\r\n\r\n<p><a href=\"https://www.thegioididong.com/images/44/242415/hp-elitebook-x360-1040-g8-i7-3g1h4pa-10.jpg\" onclick=\"return false;\"><img alt=\"HP EliteBook X360 1040 G8 i7 1165G7 (3G1H4PA) - Hình ảnh\" src=\"https://cdn.tgdd.vn/Products/Images/44/242415/hp-elitebook-x360-1040-g8-i7-3g1h4pa-10.jpg\" title=\"HP EliteBook X360 1040 G8 i7 1165G7 (3G1H4PA) - Hình ảnh\" /></a></p>\r\n\r\n<p>Học tập v&agrave; l&agrave;m việc trực tuyến chất lượng hơn với h&igrave;nh ảnh r&otilde; n&eacute;t nhờ&nbsp;<strong>HD webcam</strong>&nbsp;c&oacute; độ ph&acirc;n giải <strong>720p.</strong></p>\r\n\r\n<p>N&acirc;ng tầm kh&ocirc;ng gian giải tr&iacute; c&ugrave;ng c&ocirc;ng nghệ &acirc;m thanh&nbsp;<strong>Bang &amp; Olufsen Audio</strong>&nbsp;kết hợp với t&iacute;nh năng khử tiếng ồn, gi&uacute;p loại bỏ tạp &acirc;m kh&oacute; lọc xung, đem lại &acirc;m thanh to r&otilde; gi&uacute;p người d&ugrave;ng c&oacute; những giờ ph&uacute;t thư gi&atilde;n trọn vẹn hơn.</p>\r\n\r\n<p><a href=\"https://www.thegioididong.com/images/44/242415/hp-elitebook-x360-1040-g8-i7-3g1h4pa-11.jpg\" onclick=\"return false;\"><img alt=\"HP EliteBook X360 1040 G8 i7 1165G7 (3G1H4PA) - Âm thanh\" src=\"https://cdn.tgdd.vn/Products/Images/44/242415/hp-elitebook-x360-1040-g8-i7-3g1h4pa-11.jpg\" title=\"HP EliteBook X360 1040 G8 i7 1165G7 (3G1H4PA) - Âm thanh\" /></a></p>\r\n\r\n<p>HP EliteBook X360 1040 G8 i7 (3G1H4PA) thuộc d&ograve;ng sản phẩm&nbsp;laptop cao cấp - sang trọng với vẻ ngo&agrave;i bắt mắt c&ugrave;ng nhiều t&iacute;nh năng nổi bật v&agrave; hiệu năng vượt trội đ&aacute;p ứng mọi nhu cầu từ người d&ugrave;ng.</p>', 3, 48390000, 45390000, 1, '2022-03-12 02:57:23', '2022-03-21 04:00:09', '/storage/uploads/2022/03/21/hp-elitebook-x360-1040-g8-i7-3g1h4pa-2-1-org.jpg'),
(12, 'Laptop HP Envy 13 ba1534TU', 'Thiết kế gọn nhẹ của chiếc HP Envy 13 ba1534TU i7 1165G7(4U6M3PA) mang đến nhiều sự tiện lợi cho người dùng, cùng cấu hình đầy mạnh mẽ, luôn trong trạng thái sẵn sàng cùng bạn giải quyết mọi tác vụ từ cơ bản đến phức tạp.', '<p>&bull; Với trọng lượng&nbsp;<strong>1.3 kg</strong>&nbsp;v&agrave; d&agrave;y&nbsp;<strong>16.9 mm</strong>, phi&ecirc;n bản&nbsp;laptop HP&nbsp;n&agrave;y được thiết kế từ&nbsp;<strong>kim loại</strong>&nbsp;cao cấp với b&agrave;n ph&iacute;m được trang bị đ&egrave;n nền đơn sắc tiện dụng, phục vụ tốt hơn cho mọi nhu cầu từ bạn.</p>\r\n\r\n<p>&bull;&nbsp;Chiếc&nbsp;laptop HP Envy&nbsp;n&agrave;y c&ograve;n sở hữu&nbsp;<strong>bảo mật v&acirc;n tay</strong>&nbsp;cho ph&eacute;p bạn đăng nhập v&agrave;o thiết bị một c&aacute;ch nhanh ch&oacute;ng.&nbsp;<strong>Đ&egrave;n nền b&agrave;n ph&iacute;m</strong>&nbsp;tiện lợi cũng được hỗ trợ.</p>\r\n\r\n<p>&bull;&nbsp;Dễ d&agrave;ng truyền xuất dữ liệu đến c&aacute;c thiết bị ngoại vi kh&aacute;c khi chiếc&nbsp;laptop học tập - văn ph&ograve;ng&nbsp;được trang bị c&aacute;c cổng giao tiếp phổ biến như 2 x USB 3.1, Jack tai nghe 3.5 mm, Thunderbolt 4 USB-C&nbsp;v&agrave; khe cắm Micro SD.</p>\r\n\r\n<p>&bull;&nbsp;Mạnh mẽ hơn khi chiếc laptop được trang bị CPU<strong>&nbsp;Intel Core i7 Tiger Lake 1165G7</strong>&nbsp;kết hợp c&ugrave;ng card đồ họa&nbsp;<strong>Intel Iris Xe Graphics,</strong>&nbsp;vừa hỗ trợ bạn xử l&yacute; nhanh gọn c&aacute;c t&aacute;c vụ văn ph&ograve;ng, vừa cho ph&eacute;p bạn thoải m&aacute;i s&aacute;ng tạo, thiết kế h&igrave;nh ảnh.</p>\r\n\r\n<p>&bull;&nbsp;<strong>RAM 16 GB</strong>&nbsp;cho khả năng đa nhiệm cực mượt m&agrave; c&ugrave;ng ổ cứng&nbsp;<strong>SSD 1 TB</strong>&nbsp;mang lại kh&ocirc;ng gian lưu trữ rộng r&atilde;i, truy xuất dữ liệu v&agrave; khởi động m&aacute;y nhanh ch&oacute;ng.</p>\r\n\r\n<p>&bull;&nbsp;M&agrave;n h&igrave;nh viền mỏng<strong>&nbsp;13.3 inch&nbsp;</strong>sở hữu&nbsp;c&aacute;c c&ocirc;ng nghệ t&acirc;n tiến như&nbsp;m&agrave;n h&igrave;nh 100% sRGBv&agrave;&nbsp;<strong>tấm nền IPS</strong>, cho ph&eacute;p h&igrave;nh ảnh hiển thị rộng lớn, r&otilde; n&eacute;t với m&agrave;u sắc đa dạng, ch&acirc;n thật ở cả những nơi ngo&agrave;i trời nắng kh&ocirc;ng qu&aacute; gắt nhờ độ s&aacute;ng m&agrave;n h&igrave;nh&nbsp;<strong>400 nits</strong>.</p>\r\n\r\n<p>&bull;&nbsp;C&ocirc;ng nghệ&nbsp;<strong>Bang &amp; Olufsen Audio</strong>&nbsp;mang đến &acirc;m thanh to r&otilde;, sống động như thật.</p>', 3, 32590000, 31090000, 1, '2022-03-12 02:59:43', '2022-03-21 03:47:31', '/storage/uploads/2022/03/21/hp-envy-13-ba1534tu-i7-4u6m3pa-1.jpg'),
(13, 'Laptop Asus TUF Gaming FX6PM', 'Diện mạo thanh lịch nhưng sở hữu cấu hình mạnh mẽ vượt trội, laptop Asus TUF Gaming FX516PM i7 11370H (HN002T) hứa hẹn sẽ cùng bạn chinh chiến trên mọi chiến trường ảo cùng ưu thế thuận lợi nhất.', '<h3><strong>Sức mạnh tối thượng tạo n&ecirc;n đối thủ đ&aacute;ng gờm khiến ai cũng phải d&egrave; chừng</strong></h3>\r\n\r\n<h3>Đ&aacute;nh thức sức mạnh thật sự nhờ bộ vi xử l&yacute; mạnh mẽ Intel Core I7&nbsp;<strong>Tiger Lake 11370H</strong>&nbsp;sở hữu&nbsp;<strong>4 nh&acirc;n 8 luồng</strong>&nbsp;cho tốc độ cơ bản đạt&nbsp;<strong>3.30 GHz</strong>&nbsp;v&agrave; đạt tối đa l&ecirc;n đến&nbsp;<strong>4.8 GHz</strong>&nbsp;nhờ&nbsp;<strong>Turbo Boost,</strong>&nbsp;mang đến kh&ocirc;ng gian giải tr&iacute; cực đ&atilde; với h&agrave;ng loạt c&aacute;c tựa game thịnh h&agrave;nh hay trở th&agrave;nh người cộng sự đắc lực, c&ugrave;ng bạn ho&agrave;n th&agrave;nh c&aacute;c nhiệm vụ trong văn ph&ograve;ng nhanh ch&oacute;ng một c&aacute;ch hiệu quả c&ugrave;ng Work, Excel,...</h3>\r\n\r\n<p><img alt=\"Asus TUF Gaming FX516PM i7 11370H (HN002T) - Cấu hình\" src=\"https://cdn.tgdd.vn/Products/Images/44/251247/asus-tuf-gaming-fx516pm-i7-hn002t-4.jpg\" /></p>\r\n\r\n<p>N&acirc;ng cao chất lượng đồ họa nhờ card đồ họa rời&nbsp;<strong>NVIDIA GeForce RTX</strong>&nbsp;<strong>3060 6 GB</strong>, mang đến h&igrave;nh ảnh thật nhất với c&aacute;c chuyển động trơn tru trong c&aacute;c tựa game hấp dẫn như CS:GO, Fifa Online 4,... tuy chiến c&aacute;c game với cường độ cao nhưng &iacute;t xảy ra t&igrave;nh trạng lag hay nho&egrave; h&igrave;nh, đồng thời khơi nguồn cảm hứng trong bạn với việc thiết kế 2D, 3D, render video,... c&ugrave;ng hệ thống ứng dụng nh&agrave; Adobe đầy chuy&ecirc;n nghiệp.</p>\r\n\r\n<p><img alt=\"Asus TUF Gaming FX516PM i7 11370H (HN002T) - Card đồ hoạ\" src=\"https://cdn.tgdd.vn/Products/Images/44/251247/asus-tuf-gaming-fx516pm-i7-hn002t-5.jpg\" /></p>\r\n\r\n<p>Hỗ trợ mở v&agrave; vận h&agrave;nh nhiều ứng dụng c&ugrave;ng l&uacute;c m&agrave; kh&ocirc;ng xảy ra t&igrave;nh trạng giật hay đơ m&aacute;y nhờ RAM 8 GB&nbsp;chuẩn&nbsp;<strong>DDR4 2 khe (1 khe 8 GB onboard + 1 khe trống)</strong>&nbsp;cho tốc độ Bus RAM l&ecirc;n đến&nbsp;<strong>3200 MHz</strong>, mang đến một phi&ecirc;n bản laptop đa nhiệm hơn, l&agrave; trợ thủ đắc lực tr&ecirc;n mọi lĩnh vực. Kh&ocirc;ng những thế, nhu cầu của người d&ugrave;ng được đ&aacute;p ứng tối ưu nhờ được n&acirc;ng cấp RAM tối đa l&ecirc;n đến&nbsp;<strong>40&nbsp;GB</strong>.</p>\r\n\r\n<p>Tiết kiệm thời gian truy cập v&agrave;o m&aacute;y hay c&aacute;c ứng dụng nhờ ổ cứng SSD 512 GB&nbsp;<strong>NVMe PCle</strong>, đồng thời mang đến kh&ocirc;ng gian lưu trữ rộng lớn cho bạn thỏa sức chứa đựng h&agrave;ng loạt c&aacute;c ứng dụng y&ecirc;u th&iacute;ch nhưng vẫn hạn chế tối đa sự sản sinh nhiệt. B&ecirc;n cạnh đ&oacute; m&aacute;y được hỗ trợ th&aacute;o lắp thanh ổ cứng kh&aacute;c tối đa&nbsp;<strong>1 TB</strong>&nbsp;một c&aacute;ch dễ d&agrave;ng, phục vụ tối đa cho mọi nhu cầu của bạn.</p>\r\n\r\n<p>Ấn tượng hơn khi laptop được trang bị th&ecirc;m 1 khe cắm&nbsp;<strong>SSD M.2 PCle</strong>&nbsp;mở rộng ( n&acirc;ng cấp tối đa&nbsp;<strong>1 TB</strong>) cho ph&eacute;p bạn n&acirc;ng cấp kh&ocirc;ng gian lưu trữ tối ưu hơn.</p>\r\n\r\n<p><img alt=\"Asus TUF Gaming FX516PM i7 11370H (HN002T) - SSD\" src=\"https://cdn.tgdd.vn/Products/Images/44/251247/asus-tuf-gaming-fx516pm-i7-hn002t-6.jpg\" /></p>\r\n\r\n<h3><strong>Độc đ&aacute;o với thiết kế tối giản cho một chiếc laptop gaming năng động</strong></h3>\r\n\r\n<p>Tinh xảo với c&aacute;c đường n&eacute;t tinh tế định h&igrave;nh n&ecirc;n một diện mạo cho TUF Gaming&nbsp;<strong>FX516PM</strong>, c&ugrave;ng kiểu chữ đơn giản nhưng vẫn nổi bật tr&ecirc;n nền x&aacute;m phong c&aacute;ch, đồng thời phần viền mỏng cũng gi&uacute;p tối ưu hơn cho m&agrave;n h&igrave;nh, tạo phong c&aacute;ch ri&ecirc;ng cho bạn, ph&ugrave; hợp mọi kh&ocirc;ng gian thiết kế.</p>\r\n\r\n<p>Khung m&aacute;y mỏng nhẹ với trọng lượng&nbsp;<strong>2 kg</strong>&nbsp;v&agrave; d&agrave;y&nbsp;<strong>19.9 mm</strong>&nbsp;cho ph&eacute;p bạn dễ d&agrave;ng mang theo trong balo di chuyển đến bất kỳ đ&acirc;u.</p>\r\n\r\n<p><img alt=\"Asus TUF Gaming FX516PM i7 11370H (HN002T) - Thiết kế\" src=\"https://cdn.tgdd.vn/Products/Images/44/251247/asus-tuf-gaming-fx516pm-i7-hn002t-2.jpg\" /></p>\r\n\r\n<p>Kh&ocirc;ng phải chuyển đổi rườm r&agrave; khi kết nối với c&aacute;c thiết bị ngoại vi kh&aacute;c nhờ c&aacute;c cổng giao tiếp đa dạng được trang bị dọc hai b&ecirc;n laptop&nbsp;như 3 cổng USB 3.2, HDMI 2.0, Jack tai nghe 3.5 mm, LAN (RJ45) v&agrave; Thunderbolt 4 USB-C.</p>\r\n\r\n<p><img alt=\"Asus TUF Gaming FX516PM i7 11370H (HN002T) - Cổng kết nối\" src=\"https://cdn.tgdd.vn/Products/Images/44/251247/asus-tuf-gaming-fx516pm-i7-hn002t-11.jpg\" /></p>\r\n\r\n<p>Đường truyền được đảm bảo ổn định hơn bao giờ hết nhờ&nbsp;<strong>Bluetooth 5.1&nbsp;</strong>v&agrave;&nbsp;<strong>Wi-Fi 6 (802.11ax)</strong>, hỗ trợ người d&ugrave;ng l&agrave;m việc v&agrave; học tập hay giải tr&iacute; ở bất kỳ đ&acirc;u m&agrave; kh&ocirc;ng lo bị gi&aacute;n đoạn, ngắt qu&atilde;ng trong suốt qu&aacute; tr&igrave;nh sử dụng m&aacute;y.</p>\r\n\r\n<h3><strong>Thỏa m&atilde;n tầm nh&igrave;n với kh&ocirc;ng gian h&igrave;nh ảnh c&ugrave;ng &acirc;m thanh sống động</strong></h3>\r\n\r\n<p>M&agrave;n h&igrave;nh 15.6 inch&nbsp;c&ugrave;ng độ ph&acirc;n giải&nbsp;<strong>Full HD (1920 x 1080)</strong>, mang đến h&igrave;nh ảnh đạt chất lượng cao, cho bạn tận hưởng kh&ocirc;ng gian giải tr&iacute; một c&aacute;ch thật trọn vẹn, ch&acirc;n thật, sắc n&eacute;t đến từng chi tiết.</p>\r\n\r\n<p>Kh&ocirc;ng c&ograve;n qu&aacute; lo lắng mắt sẽ bị ảnh hưởng xấu khi l&agrave;m việc ở m&ocirc;i trường &aacute;nh s&aacute;ng kh&ocirc;ng tốt nhờ c&ocirc;ng nghệ m&agrave;n h&igrave;nh chống ch&oacute;i Anti Glare&nbsp;, hỗ trợ bạn l&agrave;m việc v&agrave; giải tr&iacute; ở bất kỳ điều kiện &aacute;nh s&aacute;ng n&agrave;o c&ugrave;ng khung h&igrave;nh được trải rộng đến&nbsp;<strong>178 độ&nbsp;</strong>đến từ<strong>&nbsp;tấm nền IPS</strong>&nbsp;m&agrave; kh&ocirc;ng lo mỏi mắt hay l&oacute;a mắt.</p>\r\n\r\n<p><img alt=\"Asus TUF Gaming FX516PM i7 11370H (HN002T) - Màn hình\" src=\"https://cdn.tgdd.vn/Products/Images/44/251247/asus-tuf-gaming-fx516pm-i7-hn002t-8.jpg\" /></p>\r\n\r\n<p>Trải nghiệm chơi game ổn định hơn nhờ Adaptive-Sync&nbsp;gi&uacute;p cải thiện c&aacute;c vấn đề như r&aacute;ch h&igrave;nh hay giật lag, cho c&aacute;c chuyển động mượt m&agrave;, trơn tru ở mọi tựa game h&agrave;nh động đầy kịch t&iacute;nh nhờ tần số qu&eacute;t m&agrave;n h&igrave;nh 144 Hz, cho bạn cảm gi&aacute;c như đang trong ch&iacute;nh cuộc đua.</p>\r\n\r\n<p><img alt=\"Asus TUF Gaming FX516PM i7 11370H (HN002T) - Tần số quét\" src=\"https://cdn.tgdd.vn/Products/Images/44/251247/asus-tuf-gaming-fx516pm-i7-hn002t-9.jpg\" /></p>\r\n\r\n<p>&Acirc;m thanh to r&otilde; c&ugrave;ng &acirc;m v&ograve;m sống động v&agrave; khả năng khuếch đại &acirc;m lớn đến từ c&ocirc;ng nghệ DTS Audio, cho bạn tận hưởng kh&ocirc;ng gian &acirc;m nhạc hay phim ảnh thật thoải m&aacute;i, đồng thời trải nghiệm c&aacute;c cuộc chiến tr&ecirc;n chiến trường ảo trọn vẹn nhất.</p>\r\n\r\n<p><img alt=\"Asus TUF Gaming FX516PM i7 11370H (HN002T) - Âm thanh\" src=\"https://cdn.tgdd.vn/Products/Images/44/251247/asus-tuf-gaming-fx516pm-i7-hn002t-10.jpg\" /></p>\r\n\r\n<p>Asus TUF Gaming FX516PM i7 11370H (HN002T) l&agrave; phi&ecirc;n bản laptop gaming đ&aacute;ng sở hữu với thiết kế gọn nhẹ nhưng đầy thu h&uacute;t, c&ugrave;ng hiệu năng vượt bật nhờchip Intel Gen 11, l&agrave; chọn lựa ph&ugrave; hợp cho bất kỳ đối tượng n&agrave;o.</p>', 1, 32990000, 30990000, 1, '2022-03-12 02:11:57', '2022-03-21 03:59:38', '/storage/uploads/2022/03/21/asus-tuf-gaming-fx516pm-i7-hn002t-2-1-org.jpg');

-- --------------------------------------------------------

--
-- Cấu trúc bảng cho bảng `sliders`
--

CREATE TABLE `sliders` (
  `id` bigint(20) UNSIGNED NOT NULL,
  `name` varchar(255) COLLATE utf8mb4_unicode_ci NOT NULL,
  `url` varchar(255) COLLATE utf8mb4_unicode_ci DEFAULT NULL,
  `thumb` varchar(255) COLLATE utf8mb4_unicode_ci NOT NULL,
  `sort_by` int(11) NOT NULL,
  `active` int(11) NOT NULL,
  `created_at` timestamp NULL DEFAULT NULL,
  `updated_at` timestamp NULL DEFAULT NULL
) ENGINE=InnoDB DEFAULT CHARSET=utf8mb4 COLLATE=utf8mb4_unicode_ci;

--
-- Đang đổ dữ liệu cho bảng `sliders`
--

INSERT INTO `sliders` (`id`, `name`, `url`, `thumb`, `sort_by`, `active`, `created_at`, `updated_at`) VALUES
(1, 'Chúng tôi cam kết chất lượng được đặt lên hàng đầu', 'Đảm bảo mang đến những sản phẩm chất lượng nhất', '/storage/uploads/2022/03/21/bg-11.jpg', 1, 1, '2022-03-13 13:12:52', '2022-03-21 00:56:10'),
(2, 'Chúng tôi cam kết chất lượng được đặt lên hàng đầu', 'Đảm bảo mang đến những sản phẩm chất lượng nhất', '/storage/uploads/2022/03/21/bg-12.jpg', 2, 1, '2022-03-13 13:13:36', '2022-03-21 04:03:08'),
(3, 'Chúng tôi cam kết chất lượng được đặt lên hàng đầu', 'Đảm bảo mang đến những sản phẩm chất lượng nhất', '/storage/uploads/2022/03/21/a24_800x450.jpg', 3, 1, '2022-03-20 14:04:25', '2022-03-21 04:02:36'),
(5, 'Chúng tôi cam kết chất lượng được đặt lên hàng đầu', 'Đảm bảo mang đến những sản phẩm chất lượng nhất', '/storage/uploads/2022/03/21/loi-windows-10.jpg', 4, 1, '2022-03-21 04:03:42', '2022-03-21 04:03:42');

-- --------------------------------------------------------

--
-- Cấu trúc bảng cho bảng `users`
--

CREATE TABLE `users` (
  `id` bigint(20) UNSIGNED NOT NULL,
  `name` varchar(255) COLLATE utf8mb4_unicode_ci NOT NULL,
  `email` varchar(255) COLLATE utf8mb4_unicode_ci NOT NULL,
  `email_verified_at` timestamp NULL DEFAULT NULL,
  `password` varchar(255) COLLATE utf8mb4_unicode_ci NOT NULL,
  `remember_token` varchar(100) COLLATE utf8mb4_unicode_ci DEFAULT NULL,
  `created_at` timestamp NULL DEFAULT NULL,
  `updated_at` timestamp NULL DEFAULT NULL
) ENGINE=InnoDB DEFAULT CHARSET=utf8mb4 COLLATE=utf8mb4_unicode_ci;

--
-- Đang đổ dữ liệu cho bảng `users`
--

INSERT INTO `users` (`id`, `name`, `email`, `email_verified_at`, `password`, `remember_token`, `created_at`, `updated_at`) VALUES
(1, 'phuong', 'localhost@gmail.com', '2022-02-19 04:24:24', '$2y$10$zgNbtlHuk15DWMiFawMxCuBl1t2bFiyy1JYEUUQYrpf4gbl6HeWaa', 'h04x3BLFphGC0LNQB9AizElwrs31SoBXhVsQs0qx8XYsIk1Pze60ZsGaUc2L', '2022-02-19 04:24:31', '2022-02-19 04:24:32');

--
-- Chỉ mục cho các bảng đã đổ
--

--
-- Chỉ mục cho bảng `carts`
--
ALTER TABLE `carts`
  ADD PRIMARY KEY (`id`),
  ADD KEY `carts_customer_id_foreign` (`customer_id`);

--
-- Chỉ mục cho bảng `customers`
--
ALTER TABLE `customers`
  ADD PRIMARY KEY (`id`);

--
-- Chỉ mục cho bảng `failed_jobs`
--
ALTER TABLE `failed_jobs`
  ADD PRIMARY KEY (`id`),
  ADD UNIQUE KEY `failed_jobs_uuid_unique` (`uuid`);

--
-- Chỉ mục cho bảng `jobs`
--
ALTER TABLE `jobs`
  ADD PRIMARY KEY (`id`),
  ADD KEY `jobs_queue_index` (`queue`);

--
-- Chỉ mục cho bảng `menus`
--
ALTER TABLE `menus`
  ADD PRIMARY KEY (`id`);

--
-- Chỉ mục cho bảng `migrations`
--
ALTER TABLE `migrations`
  ADD PRIMARY KEY (`id`);

--
-- Chỉ mục cho bảng `password_resets`
--
ALTER TABLE `password_resets`
  ADD KEY `password_resets_email_index` (`email`);

--
-- Chỉ mục cho bảng `personal_access_tokens`
--
ALTER TABLE `personal_access_tokens`
  ADD PRIMARY KEY (`id`),
  ADD UNIQUE KEY `personal_access_tokens_token_unique` (`token`),
  ADD KEY `personal_access_tokens_tokenable_type_tokenable_id_index` (`tokenable_type`,`tokenable_id`);

--
-- Chỉ mục cho bảng `products`
--
ALTER TABLE `products`
  ADD PRIMARY KEY (`id`);

--
-- Chỉ mục cho bảng `sliders`
--
ALTER TABLE `sliders`
  ADD PRIMARY KEY (`id`);

--
-- Chỉ mục cho bảng `users`
--
ALTER TABLE `users`
  ADD PRIMARY KEY (`id`),
  ADD UNIQUE KEY `users_email_unique` (`email`);

--
-- AUTO_INCREMENT cho các bảng đã đổ
--

--
-- AUTO_INCREMENT cho bảng `carts`
--
ALTER TABLE `carts`
  MODIFY `id` bigint(20) UNSIGNED NOT NULL AUTO_INCREMENT, AUTO_INCREMENT=18;

--
-- AUTO_INCREMENT cho bảng `customers`
--
ALTER TABLE `customers`
  MODIFY `id` bigint(20) UNSIGNED NOT NULL AUTO_INCREMENT, AUTO_INCREMENT=30;

--
-- AUTO_INCREMENT cho bảng `failed_jobs`
--
ALTER TABLE `failed_jobs`
  MODIFY `id` bigint(20) UNSIGNED NOT NULL AUTO_INCREMENT, AUTO_INCREMENT=4;

--
-- AUTO_INCREMENT cho bảng `jobs`
--
ALTER TABLE `jobs`
  MODIFY `id` bigint(20) UNSIGNED NOT NULL AUTO_INCREMENT, AUTO_INCREMENT=5;

--
-- AUTO_INCREMENT cho bảng `menus`
--
ALTER TABLE `menus`
  MODIFY `id` bigint(20) UNSIGNED NOT NULL AUTO_INCREMENT, AUTO_INCREMENT=39;

--
-- AUTO_INCREMENT cho bảng `migrations`
--
ALTER TABLE `migrations`
  MODIFY `id` int(10) UNSIGNED NOT NULL AUTO_INCREMENT, AUTO_INCREMENT=11;

--
-- AUTO_INCREMENT cho bảng `personal_access_tokens`
--
ALTER TABLE `personal_access_tokens`
  MODIFY `id` bigint(20) UNSIGNED NOT NULL AUTO_INCREMENT;

--
-- AUTO_INCREMENT cho bảng `products`
--
ALTER TABLE `products`
  MODIFY `id` bigint(20) UNSIGNED NOT NULL AUTO_INCREMENT, AUTO_INCREMENT=17;

--
-- AUTO_INCREMENT cho bảng `sliders`
--
ALTER TABLE `sliders`
  MODIFY `id` bigint(20) UNSIGNED NOT NULL AUTO_INCREMENT, AUTO_INCREMENT=6;

--
-- AUTO_INCREMENT cho bảng `users`
--
ALTER TABLE `users`
  MODIFY `id` bigint(20) UNSIGNED NOT NULL AUTO_INCREMENT, AUTO_INCREMENT=2;

--
-- Các ràng buộc cho các bảng đã đổ
--

--
-- Các ràng buộc cho bảng `carts`
--
ALTER TABLE `carts`
  ADD CONSTRAINT `carts_customer_id_foreign` FOREIGN KEY (`customer_id`) REFERENCES `customers` (`id`) ON DELETE CASCADE;
COMMIT;

/*!40101 SET CHARACTER_SET_CLIENT=@OLD_CHARACTER_SET_CLIENT */;
/*!40101 SET CHARACTER_SET_RESULTS=@OLD_CHARACTER_SET_RESULTS */;
/*!40101 SET COLLATION_CONNECTION=@OLD_COLLATION_CONNECTION */;
